Time,Time_Formatted,Temp_External,Temp_Internal,Open,Close_Actuation
1641828256,10/01/2022 15:24,8,17.2,1,0
1641828556,10/01/2022 15:29,8,17.5,1,0
1641828856,10/01/2022 15:34,8,17.7,1,0
1641829156,10/01/2022 15:39,8.1,18,1,0
1641829456,10/01/2022 15:44,8.1,18.2,0,0
1641829756,10/01/2022 15:49,8.1,18.5,0,0
1641830056,10/01/2022 15:54,8.1,18.7,0,0
1641830356,10/01/2022 15:59,8.1,18.2,0,0
1641830656,10/01/2022 16:04,8.1,18.6,0,0
1641830956,10/01/2022 16:09,8.1,18.3,0,0
1641831256,10/01/2022 16:14,8.1,18.1,0,0
1641831556,10/01/2022 16:19,8.1,18.9,0,0
1641831856,10/01/2022 16:24,8.1,18.9,0,0
1641832156,10/01/2022 16:29,8.1,18,1,0
1641832456,10/01/2022 16:34,8.1,17.5,1,0
1641832756,10/01/2022 16:39,8.1,17.3,1,0
1641833056,10/01/2022 16:44,8.1,17.2,1,0
1641833356,10/01/2022 16:49,8.1,17,1,0
1641833656,10/01/2022 16:54,8.1,16.8,1,0
1641833956,10/01/2022 16:59,8.1,16.7,1,0
1641834256,10/01/2022 17:04,8.1,16.5,1,0
1641834556,10/01/2022 17:09,8.1,16.5,1,0
1641834856,10/01/2022 17:14,8.1,17,0,0
1641835156,10/01/2022 17:19,8.1,17.6,0,0
1641835456,10/01/2022 17:24,8.1,17.7,0,0
1641835756,10/01/2022 17:29,8.1,17.8,0,0
1641836056,10/01/2022 17:34,8.1,17.6,1,0
1641836356,10/01/2022 17:39,8.1,17.4,0,0
1641836656,10/01/2022 17:44,8.1,19,0,0
1641836956,10/01/2022 17:49,8.1,18.5,0,0
1641837256,10/01/2022 17:54,8.1,18.8,0,0
1641837556,10/01/2022 17:59,8.1,18.9,0,0
1641837856,10/01/2022 18:04,8.1,18.6,0,0
1641838156,10/01/2022 18:09,8.1,18.7,1,0
1641838456,10/01/2022 18:14,8.1,18.4,1,0
1641838756,10/01/2022 18:19,8.2,18,1,0
1641839056,10/01/2022 18:24,8.2,17.7,1,0
1641839356,10/01/2022 18:29,8.2,17.4,1,0
1641839656,10/01/2022 18:34,8.2,17,1,0
1641839956,10/01/2022 18:39,8.3,16.7,1,0
1641840256,10/01/2022 18:44,8.3,17.7,0,0
1641840556,10/01/2022 18:49,8.3,17.2,0,0
1641840856,10/01/2022 18:54,8.3,18.8,0,0
1641841156,10/01/2022 18:59,8.4,18.4,0,0
1641841456,10/01/2022 19:04,8.4,18.3,0,0
1641841756,10/01/2022 19:09,8.4,18.2,0,0
1641842056,10/01/2022 19:14,8.4,18.8,0,0
1641842356,10/01/2022 19:19,8.4,18.5,0,0
1641842656,10/01/2022 19:24,8.4,18.6,0,0
1641842956,10/01/2022 19:29,8.4,18.7,0,0
1641843256,10/01/2022 19:34,8.4,18.9,0,0
1641843556,10/01/2022 19:39,8.5,18.5,0,0
1641843856,10/01/2022 19:44,8.5,18.8,0,0
1641844156,10/01/2022 19:49,8.5,18.4,0,0
1641844456,10/01/2022 19:54,8.5,18.6,0,0
1641844756,10/01/2022 19:59,8.5,18.3,0,0
1641845056,10/01/2022 20:04,8.5,18.4,0,0
1641845356,10/01/2022 20:09,8.5,18.2,1,0
1641845656,10/01/2022 20:14,8.5,18,1,0
1641845956,10/01/2022 20:19,8.5,17.8,1,0
1641846256,10/01/2022 20:24,8.5,17.7,1,0
1641846556,10/01/2022 20:29,8.5,17.5,1,0
1641846856,10/01/2022 20:34,8.5,17.3,1,0
1641847156,10/01/2022 20:39,8.5,17.1,1,0
1641847456,10/01/2022 20:44,8.5,16.9,1,0
1641847756,10/01/2022 20:49,8.6,16.7,1,0
1641848056,10/01/2022 20:54,8.6,16.6,1,0
1641848356,10/01/2022 20:59,8.6,16.4,1,0
1641848656,10/01/2022 21:04,8.6,16.2,1,0
1641848956,10/01/2022 21:09,8.6,16,1,0
1641849256,10/01/2022 21:14,8.6,16.1,1,0
1641849556,10/01/2022 21:19,8.6,16.1,0,0
1641849856,10/01/2022 21:24,8.6,17.3,0,0
1641850156,10/01/2022 21:29,8.6,18,0,0
1641850456,10/01/2022 21:34,8.6,18.3,0,0
1641850756,10/01/2022 21:39,8.6,18.5,0,0
1641851056,10/01/2022 21:44,8.6,18.5,0,0
1641851356,10/01/2022 21:49,8.6,18.3,1,0
1641851656,10/01/2022 21:54,8.6,18.1,1,0
1641851956,10/01/2022 21:59,8.6,17.9,1,0
1641852256,10/01/2022 22:04,8.6,17.7,1,0
1641852556,10/01/2022 22:09,8.6,17.5,1,0
1641852856,10/01/2022 22:14,8.6,17.3,1,0
1641853156,10/01/2022 22:19,8.6,17.1,1,0
1641853456,10/01/2022 22:24,8.6,16.9,1,0
1641853756,10/01/2022 22:29,8.6,16.7,1,0
1641854056,10/01/2022 22:34,8.6,16.5,1,0
1641854356,10/01/2022 22:39,8.6,17,0,0
1641854656,10/01/2022 22:44,8.6,17.3,0,0
1641854956,10/01/2022 22:49,8.6,17.6,0,0
1641855256,10/01/2022 22:54,8.6,17.4,0,0
1641855556,10/01/2022 22:59,8.6,17.4,1,0
1641855856,10/01/2022 23:04,8.6,17.2,1,0
1641856156,10/01/2022 23:09,8.6,17,1,0
1641856456,10/01/2022 23:14,8.6,17.3,0,0
1641856756,10/01/2022 23:19,8.6,17.9,0,0
1641857056,10/01/2022 23:24,8.6,18,0,0
1641857356,10/01/2022 23:29,8.6,18.3,0,0
1641857656,10/01/2022 23:34,8.6,18.7,0,0
1641857956,10/01/2022 23:39,8.6,18.9,0,0
1641858256,10/01/2022 23:44,8.6,18.8,0,0
1641858556,10/01/2022 23:49,8.6,18.7,0,0
1641858856,10/01/2022 23:54,8.6,18,0,0
1641859156,10/01/2022 23:59,8.6,18.5,0,0
1641859456,11/01/2022 00:04,8.6,18.5,0,0
1641859756,11/01/2022 00:09,8.6,18.5,0,0
1641860056,11/01/2022 00:14,8.6,18.2,0,0
1641860356,11/01/2022 00:19,8.6,18.7,0,0
1641860656,11/01/2022 00:24,8.6,18.1,0,0
1641860956,11/01/2022 00:29,8.6,18.9,0,0
1641861256,11/01/2022 00:34,8.7,18.5,0,0
1641861556,11/01/2022 00:39,8.7,18,0,0
1641861856,11/01/2022 00:44,8.7,17.7,0,0
1641862156,11/01/2022 00:49,8.7,17.1,0,0
1641862456,11/01/2022 00:54,8.7,17.8,0,0
1641862756,11/01/2022 00:59,8.7,17.1,0,0
1641863056,11/01/2022 01:04,8.7,17.4,0,0
1641863356,11/01/2022 01:09,8.7,17.5,0,0
1641863656,11/01/2022 01:14,8.7,17.3,0,0
1641863956,11/01/2022 01:19,8.7,17.3,0,0
1641864256,11/01/2022 01:24,8.7,17.2,0,0
1641864556,11/01/2022 01:29,8.7,17.4,0,0
1641864856,11/01/2022 01:34,8.7,17.6,0,0
1641865156,11/01/2022 01:39,8.7,17.4,0,0
1641865456,11/01/2022 01:44,8.7,17.8,0,0
1641865756,11/01/2022 01:49,8.7,17.1,0,0
1641866056,11/01/2022 01:54,8.7,17.5,0,0
1641866356,11/01/2022 01:59,8.8,17.6,0,0
1641866656,11/01/2022 02:04,8.7,17.7,0,0
1641866956,11/01/2022 02:09,8.7,17,0,0
1641867256,11/01/2022 02:14,8.7,17.7,0,0
1641867556,11/01/2022 02:19,8.7,17.4,0,0
1641867856,11/01/2022 02:24,8.7,17.8,0,0
1641868156,11/01/2022 02:29,8.7,17.9,0,0
1641868456,11/01/2022 02:34,8.6,17.8,0,0
1641868756,11/01/2022 02:39,8.6,17.2,0,0
1641869056,11/01/2022 02:44,8.6,17.5,0,0
1641869356,11/01/2022 02:49,8.6,17.8,0,0
1641869656,11/01/2022 02:54,8.6,17.1,0,0
1641869956,11/01/2022 02:59,8.6,17.4,0,0
1641870256,11/01/2022 03:04,8.6,17.6,0,0
1641870556,11/01/2022 03:09,8.6,17.1,0,0
1641870856,11/01/2022 03:14,8.6,17.8,0,0
1641871156,11/01/2022 03:19,8.6,17.1,0,0
1641871456,11/01/2022 03:24,8.6,17.6,0,0
1641871756,11/01/2022 03:29,8.6,17.3,0,0
1641872056,11/01/2022 03:34,8.6,17.2,0,0
1641872356,11/01/2022 03:39,8.6,17.6,0,0
1641872656,11/01/2022 03:44,8.7,17.9,0,0
1641872956,11/01/2022 03:49,8.7,17.6,0,0
1641873256,11/01/2022 03:54,8.7,17.4,0,0
1641873556,11/01/2022 03:59,8.7,17.8,0,0
1641873856,11/01/2022 04:04,8.7,17.4,0,0
1641874156,11/01/2022 04:09,8.7,18,0,0
1641874456,11/01/2022 04:14,8.7,17,0,0
1641874756,11/01/2022 04:19,8.7,17.8,0,0
1641875056,11/01/2022 04:24,8.7,17.3,0,0
1641875356,11/01/2022 04:29,8.7,17.1,0,0
1641875656,11/01/2022 04:34,8.7,17.6,0,0
1641875956,11/01/2022 04:39,8.7,17.9,0,0
1641876256,11/01/2022 04:44,8.7,18,0,0
1641876556,11/01/2022 04:49,8.7,17.1,0,0
1641876856,11/01/2022 04:54,8.7,17.1,0,0
1641877156,11/01/2022 04:59,8.7,17.9,0,0
1641877456,11/01/2022 05:04,8.7,17.8,0,0
1641877756,11/01/2022 05:09,8.7,17.2,0,0
1641878056,11/01/2022 05:14,8.7,17.8,0,0
1641878356,11/01/2022 05:19,8.7,17.9,0,0
1641878656,11/01/2022 05:24,8.7,17.1,0,0
1641878956,11/01/2022 05:29,8.8,17.5,0,0
1641879256,11/01/2022 05:34,8.8,17,0,0
1641879556,11/01/2022 05:39,8.8,17.5,0,0
1641879856,11/01/2022 05:44,8.8,17.3,0,0
1641880156,11/01/2022 05:49,8.8,17.9,0,0
1641880456,11/01/2022 05:54,8.8,18,0,0
1641880756,11/01/2022 05:59,8.8,18,0,0
1641881056,11/01/2022 06:04,8.8,18.9,0,0
1641881356,11/01/2022 06:09,8.8,18.3,0,0
1641881656,11/01/2022 06:14,8.8,18.1,0,0
1641881956,11/01/2022 06:19,8.8,18.9,0,0
1641882256,11/01/2022 06:24,8.8,18.5,0,0
1641882556,11/01/2022 06:29,8.8,18.7,0,0
1641882856,11/01/2022 06:34,8.8,18.8,0,0
1641883156,11/01/2022 06:39,8.8,18.4,0,0
1641883456,11/01/2022 06:44,8.8,18.7,0,0
1641883756,11/01/2022 06:49,8.8,18.6,0,0
1641884056,11/01/2022 06:54,8.8,18.1,0,0
1641884356,11/01/2022 06:59,8.8,18.2,0,0
1641884656,11/01/2022 07:04,8.8,18.3,0,0
1641884956,11/01/2022 07:09,8.8,18.9,0,0
1641885256,11/01/2022 07:14,8.8,18.3,0,0
1641885556,11/01/2022 07:19,8.8,18.6,0,0
1641885856,11/01/2022 07:24,8.8,18.9,0,0
1641886156,11/01/2022 07:29,8.8,18.6,0,0
1641886456,11/01/2022 07:34,8.8,18,0,0
1641886756,11/01/2022 07:39,8.8,18.9,0,0
1641887056,11/01/2022 07:44,8.8,18.9,0,0
1641887356,11/01/2022 07:49,8.8,18.7,0,0
1641887656,11/01/2022 07:54,8.8,18.5,0,0
1641887956,11/01/2022 07:59,8.8,18.2,0,0
1641888256,11/01/2022 08:04,8.8,18.3,0,0
1641888556,11/01/2022 08:09,8.8,18.9,0,0
1641888856,11/01/2022 08:14,8.8,18.5,0,0
1641889156,11/01/2022 08:19,8.8,18.5,0,0
1641889456,11/01/2022 08:24,8.8,18.1,0,0
1641889756,11/01/2022 08:29,8.8,18.9,0,0
1641890056,11/01/2022 08:34,8.8,18.1,0,0
1641890356,11/01/2022 08:39,8.8,18.3,0,0
1641890656,11/01/2022 08:44,8.8,18.4,0,0
1641890956,11/01/2022 08:49,8.9,18.1,0,0
1641891256,11/01/2022 08:54,8.9,18.5,0,0
1641891556,11/01/2022 08:59,8.9,18.6,0,0
1641891856,11/01/2022 09:04,8.9,18.6,0,0
1641892156,11/01/2022 09:09,9,18,0,0
1641892456,11/01/2022 09:14,9,18.6,0,0
1641892756,11/01/2022 09:19,9.1,18.1,0,0
1641893056,11/01/2022 09:24,9.2,18.1,0,0
1641893356,11/01/2022 09:29,9.2,18.7,0,0
1641893656,11/01/2022 09:34,9.3,18.2,0,0
1641893956,11/01/2022 09:39,9.3,18.5,0,0
1641894256,11/01/2022 09:44,9.4,18.4,0,0
1641894556,11/01/2022 09:49,9.4,18.2,0,0
1641894856,11/01/2022 09:54,9.5,18.5,0,0
1641895156,11/01/2022 09:59,9.5,18.9,0,0
1641895456,11/01/2022 10:04,9.6,18.1,0,0
1641895756,11/01/2022 10:09,9.6,18.3,1,0
1641896056,11/01/2022 10:14,9.6,18.6,1,0
1641896356,11/01/2022 10:19,9.6,18.4,1,0
1641896656,11/01/2022 10:24,9.7,18.3,1,0
1641896956,11/01/2022 10:29,9.7,18.1,1,0
1641897256,11/01/2022 10:34,9.7,18,1,0
1641897556,11/01/2022 10:39,9.8,17.8,1,0
1641897856,11/01/2022 10:44,9.8,17.6,1,0
1641898156,11/01/2022 10:49,9.8,17.5,1,0
1641898456,11/01/2022 10:54,9.8,17.3,1,0
1641898756,11/01/2022 10:59,9.9,17.2,1,0
1641899056,11/01/2022 11:04,9.9,17,1,0
1641899356,11/01/2022 11:09,9.9,17.2,1,0
1641899656,11/01/2022 11:14,9.9,17.5,0,0
1641899956,11/01/2022 11:19,10,18,0,0
1641900256,11/01/2022 11:24,10,18.9,0,0
1641900556,11/01/2022 11:29,10,18.8,0,0
1641900856,11/01/2022 11:34,10,18.4,0,0
1641901156,11/01/2022 11:39,10.1,18.8,0,0
1641901456,11/01/2022 11:44,10.1,18.4,0,0
1641901756,11/01/2022 11:49,10.1,18.9,0,0
1641902056,11/01/2022 11:54,10.2,18.3,0,0
1641902356,11/01/2022 11:59,10.2,18.2,0,0
1641902656,11/01/2022 12:04,10.2,18.9,1,0
1641902956,11/01/2022 12:09,10.2,18.8,1,0
1641903256,11/01/2022 12:14,10.2,18.7,1,0
1641903556,11/01/2022 12:19,10.2,18.5,1,0
1641903856,11/01/2022 12:24,10.2,18.4,1,0
1641904156,11/01/2022 12:29,10.2,18.3,1,0
1641904456,11/01/2022 12:34,10.2,18.2,1,0
1641904756,11/01/2022 12:39,10.2,18,1,0
1641905056,11/01/2022 12:44,10.2,17.9,1,0
1641905356,11/01/2022 12:49,10.2,17.8,1,0
1641905656,11/01/2022 12:54,10.2,17.7,1,0
1641905956,11/01/2022 12:59,10.2,17.5,1,0
1641906256,11/01/2022 13:04,10.2,17.4,1,0
1641906556,11/01/2022 13:09,10.2,17.3,1,0
1641906856,11/01/2022 13:14,10.2,17.2,1,0
1641907156,11/01/2022 13:19,10.3,17,1,0
1641907456,11/01/2022 13:24,10.3,16.9,1,0
1641907756,11/01/2022 13:29,10.3,16.8,1,0
1641908056,11/01/2022 13:34,10.3,17,1,0
1641908356,11/01/2022 13:39,10.3,18,0,0
1641908656,11/01/2022 13:44,10.3,18.6,0,0
1641908956,11/01/2022 13:49,10.3,18.6,0,0
1641909256,11/01/2022 13:54,10.3,18.1,0,0
1641909556,11/01/2022 13:59,10.4,18.2,0,0
1641909856,11/01/2022 14:04,10.3,18.1,1,0
1641910156,11/01/2022 14:09,10.3,18.1,1,0
1641910456,11/01/2022 14:14,10.3,18,1,0
1641910756,11/01/2022 14:19,10.3,18,1,0
1641911056,11/01/2022 14:24,10.3,17.9,1,0
1641911356,11/01/2022 14:29,10.3,17.8,1,0
1641911656,11/01/2022 14:34,10.3,17.7,1,0
1641911956,11/01/2022 14:39,10.3,17.7,1,0
1641912256,11/01/2022 14:44,10.3,17.6,1,0
1641912556,11/01/2022 14:49,10.3,17.5,1,0
1641912856,11/01/2022 14:54,10.3,17.4,1,0
1641913156,11/01/2022 14:59,10.3,17.4,1,0
1641913456,11/01/2022 15:04,10.3,17.3,1,0
1641913756,11/01/2022 15:09,10.3,17.2,1,0
1641914056,11/01/2022 15:14,10.3,17.1,1,0
1641914356,11/01/2022 15:19,10.3,17.1,1,0
1641914656,11/01/2022 15:24,10.3,17,1,0
1641914956,11/01/2022 15:29,10.3,16.9,1,0
1641915256,11/01/2022 15:34,10.3,16.8,1,0
1641915556,11/01/2022 15:39,10.3,16.8,1,0
1641915856,11/01/2022 15:44,10.3,16.7,1,0
1641916156,11/01/2022 15:49,10.3,16.6,1,0
1641916456,11/01/2022 15:54,10.3,17,0,0
1641916756,11/01/2022 15:59,10.3,17.6,0,0
1641917056,11/01/2022 16:04,10.3,18,0,0
1641917356,11/01/2022 16:09,10.3,18.6,0,0
1641917656,11/01/2022 16:14,10.3,18.1,0,0
1641917956,11/01/2022 16:19,10.3,18.4,0,0
1641918256,11/01/2022 16:24,10.3,18.1,0,0
1641918556,11/01/2022 16:29,10.3,18.8,1,0
1641918856,11/01/2022 16:34,10.2,18.8,1,0
1641919156,11/01/2022 16:39,10.2,18.3,1,0
1641919456,11/01/2022 16:44,10.2,18,1,0
1641919756,11/01/2022 16:49,10.2,17.8,1,0
1641920056,11/01/2022 16:54,10.2,17.5,1,0
1641920356,11/01/2022 16:59,10.2,17.2,1,0
1641920656,11/01/2022 17:04,10.2,17.5,0,0
1641920956,11/01/2022 17:09,10.2,17.7,0,0
1641921256,11/01/2022 17:14,10.2,18.1,0,0
1641921556,11/01/2022 17:19,10.2,18.4,0,0
1641921856,11/01/2022 17:24,10.2,18.7,0,0
1641922156,11/01/2022 17:29,10.2,18.3,0,0
1641922456,11/01/2022 17:34,10.2,18.6,0,0
1641922756,11/01/2022 17:39,10.2,18.2,0,0
1641923056,11/01/2022 17:44,10.2,18.5,0,0
1641923356,11/01/2022 17:49,10.2,18.2,0,0
1641923656,11/01/2022 17:54,10.2,18.4,0,0
1641923956,11/01/2022 17:59,10.2,19,0,0
1641924256,11/01/2022 18:04,10.1,18.4,1,0
1641924556,11/01/2022 18:09,10.1,18.2,1,0
1641924856,11/01/2022 18:14,10,17.9,1,0
1641925156,11/01/2022 18:19,9.9,17.7,1,0
1641925456,11/01/2022 18:24,9.8,17.5,1,0
1641925756,11/01/2022 18:29,9.8,17.2,1,0
1641926056,11/01/2022 18:34,9.7,17,1,0
1641926356,11/01/2022 18:39,9.6,17.5,0,0
1641926656,11/01/2022 18:44,9.5,18.9,0,0
1641926956,11/01/2022 18:49,9.5,18.9,0,0
1641927256,11/01/2022 18:54,9.4,19,0,0
1641927556,11/01/2022 18:59,9.3,18.3,0,0
1641927856,11/01/2022 19:04,9.3,18.6,0,0
1641928156,11/01/2022 19:09,9.3,18.4,1,0
1641928456,11/01/2022 19:14,9.2,18,0,0
1641928756,11/01/2022 19:19,9.2,18.4,0,0
1641929056,11/01/2022 19:24,9.2,18.1,0,0
1641929356,11/01/2022 19:29,9.2,18.3,0,0
1641929656,11/01/2022 19:34,9.2,19,0,0
1641929956,11/01/2022 19:39,9.1,18.3,0,0
1641930256,11/01/2022 19:44,9.1,18.7,0,0
1641930556,11/01/2022 19:49,9.1,18.4,0,0
1641930856,11/01/2022 19:54,9.1,18.5,0,0
1641931156,11/01/2022 19:59,9.1,18.2,0,0
1641931456,11/01/2022 20:04,9,18.1,1,0
1641931756,11/01/2022 20:09,9,18,1,0
1641932056,11/01/2022 20:14,9,17.9,1,0
1641932356,11/01/2022 20:19,9,17.8,1,0
1641932656,11/01/2022 20:24,8.9,17.7,1,0
1641932956,11/01/2022 20:29,8.9,17.6,1,0
1641933256,11/01/2022 20:34,8.9,17.5,1,0
1641933556,11/01/2022 20:39,8.9,17.4,1,0
1641933856,11/01/2022 20:44,8.8,17.3,1,0
1641934156,11/01/2022 20:49,8.8,17.2,1,0
1641934456,11/01/2022 20:54,8.8,17.1,1,0
1641934756,11/01/2022 20:59,8.8,17,1,0
1641935056,11/01/2022 21:04,8.7,16.9,1,0
1641935356,11/01/2022 21:09,8.7,16.8,1,0
1641935656,11/01/2022 21:14,8.6,16.7,1,0
1641935956,11/01/2022 21:19,8.6,16.6,1,0
1641936256,11/01/2022 21:24,8.6,16.5,1,0
1641936556,11/01/2022 21:29,8.5,16.9,0,0
1641936856,11/01/2022 21:34,8.5,17.3,0,0
1641937156,11/01/2022 21:39,8.4,17.6,0,0
1641937456,11/01/2022 21:44,8.4,18,0,0
1641937756,11/01/2022 21:49,8.4,18.8,0,0
1641938056,11/01/2022 21:54,8.3,18.7,0,0
1641938356,11/01/2022 21:59,8.3,18.8,0,0
1641938656,11/01/2022 22:04,8.2,18.3,0,0
1641938956,11/01/2022 22:09,8.2,18.3,0,0
1641939256,11/01/2022 22:14,8.2,18.2,0,0
1641939556,11/01/2022 22:19,8.1,18.9,0,0
1641939856,11/01/2022 22:24,8.1,18.5,0,0
1641940156,11/01/2022 22:29,8,18.6,0,0
1641940456,11/01/2022 22:34,8,18.7,0,0
1641940756,11/01/2022 22:39,7.9,18.4,0,0
1641941056,11/01/2022 22:44,7.9,18.9,0,0
1641941356,11/01/2022 22:49,7.9,18.7,0,0
1641941656,11/01/2022 22:54,7.8,18,0,0
1641941956,11/01/2022 22:59,7.8,17.7,0,0
1641942256,11/01/2022 23:04,7.7,17.6,0,0
1641942556,11/01/2022 23:09,7.6,17.4,0,0
1641942856,11/01/2022 23:14,7.5,17.9,0,0
1641943156,11/01/2022 23:19,7.5,18,0,0
1641943456,11/01/2022 23:24,7.4,17.7,0,0
1641943756,11/01/2022 23:29,7.3,17.9,0,0
1641944056,11/01/2022 23:34,7.2,17.2,0,0
1641944356,11/01/2022 23:39,7.1,17.2,0,0
1641944656,11/01/2022 23:44,7.1,18,0,0
1641944956,11/01/2022 23:49,7,17,0,0
1641945256,11/01/2022 23:54,6.9,17.1,0,0
1641945556,11/01/2022 23:59,6.8,17.9,0,0
1641945856,12/01/2022 00:04,6.8,17.3,0,0
1641946156,12/01/2022 00:09,6.7,17.5,0,0
1641946456,12/01/2022 00:14,6.6,17.1,0,0
1641946756,12/01/2022 00:19,6.5,17.2,0,0
1641947056,12/01/2022 00:24,6.5,17.5,0,0
1641947356,12/01/2022 00:29,6.4,17.9,0,0
1641947656,12/01/2022 00:34,6.3,17.1,0,0
1641947956,12/01/2022 00:39,6.3,17.7,0,0
1641948256,12/01/2022 00:44,6.2,17.9,0,0
1641948556,12/01/2022 00:49,6.1,17.7,0,0
1641948856,12/01/2022 00:54,6.1,17.2,0,0
1641949156,12/01/2022 00:59,6,17,0,0
1641949456,12/01/2022 01:04,5.9,16.2,0,0
1641949756,12/01/2022 01:09,5.9,16.1,0,0
1641950056,12/01/2022 01:14,5.8,16.2,0,0
1641950356,12/01/2022 01:19,5.8,16.6,0,0
1641950656,12/01/2022 01:24,5.7,16.6,0,0
1641950956,12/01/2022 01:29,5.7,16.8,0,0
1641951256,12/01/2022 01:34,5.6,16.3,0,0
1641951556,12/01/2022 01:39,5.6,16.9,0,0
1641951856,12/01/2022 01:44,5.5,16.5,0,0
1641952156,12/01/2022 01:49,5.5,16.6,0,0
1641952456,12/01/2022 01:54,5.4,16.9,0,0
1641952756,12/01/2022 01:59,5.4,16.1,0,0
1641953056,12/01/2022 02:04,5.3,16.4,0,0
1641953356,12/01/2022 02:09,5.3,16.6,0,0
1641953656,12/01/2022 02:14,5.2,16.2,0,0
1641953956,12/01/2022 02:19,5.1,16.2,0,0
1641954256,12/01/2022 02:24,5.1,16.8,0,0
1641954556,12/01/2022 02:29,5,16.8,0,0
1641954856,12/01/2022 02:34,4.9,16.8,0,0
1641955156,12/01/2022 02:39,4.9,16.9,0,0
1641955456,12/01/2022 02:44,4.8,16.9,0,0
1641955756,12/01/2022 02:49,4.7,16.2,0,0
1641956056,12/01/2022 02:54,4.7,16.4,0,0
1641956356,12/01/2022 02:59,4.6,16.2,0,0
1641956656,12/01/2022 03:04,4.6,16.9,0,0
1641956956,12/01/2022 03:09,4.5,16,0,0
1641957256,12/01/2022 03:14,4.5,16.6,0,0
1641957556,12/01/2022 03:19,4.4,16.1,0,0
1641957856,12/01/2022 03:24,4.3,16.6,0,0
1641958156,12/01/2022 03:29,4.3,17,0,0
1641958456,12/01/2022 03:34,4.2,16.3,0,0
1641958756,12/01/2022 03:39,4.2,16.3,0,0
1641959056,12/01/2022 03:44,4.1,16.4,0,0
1641959356,12/01/2022 03:49,4.1,16.6,0,0
1641959656,12/01/2022 03:54,4,16.7,0,0
1641959956,12/01/2022 03:59,3.9,16.5,0,0
1641960256,12/01/2022 04:04,3.9,16.1,0,0
1641960556,12/01/2022 04:09,3.8,16.1,0,0
1641960856,12/01/2022 04:14,3.8,16,0,0
1641961156,12/01/2022 04:19,3.7,16.3,0,0
1641961456,12/01/2022 04:24,3.6,16.6,0,0
1641961756,12/01/2022 04:29,3.6,16,0,0
1641962056,12/01/2022 04:34,3.5,15.6,0,0
1641962356,12/01/2022 04:39,3.5,15.6,0,0
1641962656,12/01/2022 04:44,3.4,15.8,0,0
1641962956,12/01/2022 04:49,3.3,15.5,0,0
1641963256,12/01/2022 04:54,3.3,15.2,0,0
1641963556,12/01/2022 04:59,3.2,15.9,0,0
1641963856,12/01/2022 05:04,3.2,15.5,0,0
1641964156,12/01/2022 05:09,3.2,15.6,0,0
1641964456,12/01/2022 05:14,3.1,15.5,0,0
1641964756,12/01/2022 05:19,3.1,15.3,0,0
1641965056,12/01/2022 05:24,3.1,15.5,0,0
1641965356,12/01/2022 05:29,3.1,15,0,0
1641965656,12/01/2022 05:34,3.1,15.3,0,0
1641965956,12/01/2022 05:39,3,15.1,0,0
1641966256,12/01/2022 05:44,3,15.1,0,0
1641966556,12/01/2022 05:49,3,15.9,0,0
1641966856,12/01/2022 05:54,3,15.3,0,0
1641967156,12/01/2022 05:59,3,15.4,0,0
1641967456,12/01/2022 06:04,2.9,15.4,0,0
1641967756,12/01/2022 06:09,2.9,16,0,0
1641968056,12/01/2022 06:14,2.9,15.5,0,0
1641968356,12/01/2022 06:19,2.9,15,0,0
1641968656,12/01/2022 06:24,2.8,15.5,0,0
1641968956,12/01/2022 06:29,2.8,15.4,0,0
1641969256,12/01/2022 06:34,2.8,15.5,0,0
1641969556,12/01/2022 06:39,2.8,15.1,0,0
1641969856,12/01/2022 06:44,2.8,15.6,0,0
1641970156,12/01/2022 06:49,2.7,15.8,0,0
1641970456,12/01/2022 06:54,2.7,15.6,0,0
1641970756,12/01/2022 06:59,2.7,16,0,0
1641971056,12/01/2022 07:04,2.6,15.5,0,0
1641971356,12/01/2022 07:09,2.6,15.9,0,0
1641971656,12/01/2022 07:14,2.5,15.6,0,0
1641971956,12/01/2022 07:19,2.4,15.4,0,0
1641972256,12/01/2022 07:24,2.4,15.2,0,0
1641972556,12/01/2022 07:29,2.3,15.9,0,0
1641972856,12/01/2022 07:34,2.2,16,0,0
1641973156,12/01/2022 07:39,2.2,15.3,0,0
1641973456,12/01/2022 07:44,2.1,15.6,0,0
1641973756,12/01/2022 07:49,2,15.1,0,0
1641974056,12/01/2022 07:54,1.9,15.1,0,0
1641974356,12/01/2022 07:59,1.9,16.3,0,0
1641974656,12/01/2022 08:04,1.9,16.5,0,0
1641974956,12/01/2022 08:09,1.9,16.4,0,0
1641975256,12/01/2022 08:14,2,16.8,0,0
1641975556,12/01/2022 08:19,2,16.3,0,0
1641975856,12/01/2022 08:24,2,16.8,0,0
1641976156,12/01/2022 08:29,2.1,17,0,0
1641976456,12/01/2022 08:34,2.1,16.2,0,0
1641976756,12/01/2022 08:39,2.1,16.5,0,0
1641977056,12/01/2022 08:44,2.1,16.9,0,0
1641977356,12/01/2022 08:49,2.2,16.1,0,0
1641977656,12/01/2022 08:54,2.2,16.9,0,0
1641977956,12/01/2022 08:59,2.2,16.9,0,0
1641978256,12/01/2022 09:04,2.3,16.2,0,0
1641978556,12/01/2022 09:09,2.5,16.6,0,0
1641978856,12/01/2022 09:14,2.6,16.2,0,0
1641979156,12/01/2022 09:19,2.7,16.1,0,0
1641979456,12/01/2022 09:24,2.8,16.4,0,0
1641979756,12/01/2022 09:29,2.9,16.3,0,0
1641980056,12/01/2022 09:34,3,17,0,0
1641980356,12/01/2022 09:39,3.1,17.9,0,0
1641980656,12/01/2022 09:44,3.2,17.5,0,0
1641980956,12/01/2022 09:49,3.3,17.8,0,0
1641981256,12/01/2022 09:54,3.5,17.5,1,0
1641981556,12/01/2022 09:59,3.6,17.2,1,0
1641981856,12/01/2022 10:04,3.7,16.9,1,0
1641982156,12/01/2022 10:09,3.8,16.6,1,0
1641982456,12/01/2022 10:14,4,16.3,1,0
1641982756,12/01/2022 10:19,4.1,16.6,0,0
1641983056,12/01/2022 10:24,4.3,16.9,0,0
1641983356,12/01/2022 10:29,4.4,17.2,0,0
1641983656,12/01/2022 10:34,4.5,17.5,0,0
1641983956,12/01/2022 10:39,4.7,17.6,0,0
1641984256,12/01/2022 10:44,4.8,17.6,0,0
1641984556,12/01/2022 10:49,5,17.9,0,0
1641984856,12/01/2022 10:54,5.1,17.5,0,0
1641985156,12/01/2022 10:59,5.2,17.1,0,0
1641985456,12/01/2022 11:04,5.3,17.4,1,0
1641985756,12/01/2022 11:09,5.4,17.2,1,0
1641986056,12/01/2022 11:14,5.5,17.1,1,0
1641986356,12/01/2022 11:19,5.6,16.9,1,0
1641986656,12/01/2022 11:24,5.6,16.7,1,0
1641986956,12/01/2022 11:29,5.7,16.9,0,0
1641987256,12/01/2022 11:34,5.8,17.2,0,0
1641987556,12/01/2022 11:39,5.9,17.4,0,0
1641987856,12/01/2022 11:44,6,17.7,0,0
1641988156,12/01/2022 11:49,6.1,17.7,0,0
1641988456,12/01/2022 11:54,6.1,17.7,0,0
1641988756,12/01/2022 11:59,6.2,17.7,0,0
1641989056,12/01/2022 12:04,6.3,17.9,1,0
1641989356,12/01/2022 12:09,6.4,17.5,1,0
1641989656,12/01/2022 12:14,6.5,17.2,1,0
1641989956,12/01/2022 12:19,6.6,16.8,0,0
1641990256,12/01/2022 12:24,6.7,17.4,0,0
1641990556,12/01/2022 12:29,6.8,17.5,0,0
1641990856,12/01/2022 12:34,6.8,17.7,0,0
1641991156,12/01/2022 12:39,6.9,17.9,0,0
1641991456,12/01/2022 12:44,7,17.7,1,0
1641991756,12/01/2022 12:49,7.1,17.2,1,0
1641992056,12/01/2022 12:54,7.2,17.1,1,0
1641992356,12/01/2022 12:59,7.3,17.1,1,0
1641992656,12/01/2022 13:04,7.3,17,1,0
1641992956,12/01/2022 13:09,7.4,17,1,0
1641993256,12/01/2022 13:14,7.5,17.1,1,0
1641993556,12/01/2022 13:19,7.5,16.9,1,0
1641993856,12/01/2022 13:24,7.6,16.8,1,0
1641994156,12/01/2022 13:29,7.7,16.8,1,0
1641994456,12/01/2022 13:34,7.7,16.7,1,0
1641994756,12/01/2022 13:39,7.8,16.8,1,0
1641995056,12/01/2022 13:44,7.9,16.6,1,0
1641995356,12/01/2022 13:49,7.9,16.5,1,0
1641995656,12/01/2022 13:54,8,16.5,1,0
1641995956,12/01/2022 13:59,8.1,16.4,1,0
1641996256,12/01/2022 14:04,8.1,16.4,1,0
1641996556,12/01/2022 14:09,8.1,16.3,1,0
1641996856,12/01/2022 14:14,8.1,16.3,1,0
1641997156,12/01/2022 14:19,8.1,16.2,1,0
1641997456,12/01/2022 14:24,8.1,16.3,1,0
1641997756,12/01/2022 14:29,8.2,17.3,0,0
1641998056,12/01/2022 14:34,8.2,17.9,0,0
1641998356,12/01/2022 14:39,8.2,17.8,0,0
1641998656,12/01/2022 14:44,8.2,17.9,0,0
1641998956,12/01/2022 14:49,8.2,17.5,0,0
1641999256,12/01/2022 14:54,8.2,17.3,0,0
1641999556,12/01/2022 14:59,8.3,18,0,0
1641999856,12/01/2022 15:04,8.2,18.3,0,0
1642000156,12/01/2022 15:09,8.1,18,0,0
1642000456,12/01/2022 15:14,8,18.3,0,0
1642000756,12/01/2022 15:19,7.9,18.3,0,0
1642001056,12/01/2022 15:24,7.8,18.6,0,0
1642001356,12/01/2022 15:29,7.8,18.9,0,0
1642001656,12/01/2022 15:34,7.7,18,0,0
1642001956,12/01/2022 15:39,7.6,17.6,0,0
1642002256,12/01/2022 15:44,7.5,17.4,0,0
1642002556,12/01/2022 15:49,7.4,17.9,0,0
1642002856,12/01/2022 15:54,7.4,17.3,1,0
1642003156,12/01/2022 15:59,7.3,17.2,1,0
1642003456,12/01/2022 16:04,7.2,17.2,1,0
1642003756,12/01/2022 16:09,7,17.1,1,0
1642004056,12/01/2022 16:14,6.9,17,1,0
1642004356,12/01/2022 16:19,6.8,16.9,1,0
1642004656,12/01/2022 16:24,6.7,16.9,1,0
1642004956,12/01/2022 16:29,6.6,16.8,1,0
1642005256,12/01/2022 16:34,6.5,16.7,1,0
1642005556,12/01/2022 16:39,6.3,17,0,0
1642005856,12/01/2022 16:44,6.2,17.2,0,0
1642006156,12/01/2022 16:49,6.1,17.3,0,0
1642006456,12/01/2022 16:54,6,17.9,1,0
1642006756,12/01/2022 16:59,5.9,17.9,0,0
1642007056,12/01/2022 17:04,5.8,17,0,0
1642007356,12/01/2022 17:09,5.8,17.3,0,0
1642007656,12/01/2022 17:14,5.7,17.7,0,0
1642007956,12/01/2022 17:19,5.6,17.1,0,0
1642008256,12/01/2022 17:24,5.6,17.9,0,0
1642008556,12/01/2022 17:29,5.5,17.8,0,0
1642008856,12/01/2022 17:34,5.5,17.2,0,0
1642009156,12/01/2022 17:39,5.4,17.7,0,0
1642009456,12/01/2022 17:44,5.3,17.2,1,0
1642009756,12/01/2022 17:49,5.3,17.1,1,0
1642010056,12/01/2022 17:54,5.2,17,1,0
1642010356,12/01/2022 17:59,5.2,16.9,1,0
1642010656,12/01/2022 18:04,5.1,16.9,1,0
1642010956,12/01/2022 18:09,5.1,16.8,1,0
1642011256,12/01/2022 18:14,5.1,16.7,1,0
1642011556,12/01/2022 18:19,5.1,16.6,1,0
1642011856,12/01/2022 18:24,5,16.4,1,0
1642012156,12/01/2022 18:29,5,16.8,0,0
1642012456,12/01/2022 18:34,5,17,0,0
1642012756,12/01/2022 18:39,5,17,1,0
1642013056,12/01/2022 18:44,4.9,16.9,1,0
1642013356,12/01/2022 18:49,4.9,16.8,1,0
1642013656,12/01/2022 18:54,4.9,16.5,1,0
1642013956,12/01/2022 18:59,4.9,16.7,1,0
1642014256,12/01/2022 19:04,4.9,16.6,1,0
1642014556,12/01/2022 19:09,4.8,16.5,1,0
1642014856,12/01/2022 19:14,4.8,16.4,1,0
1642015156,12/01/2022 19:19,4.8,16.3,1,0
1642015456,12/01/2022 19:24,4.8,16.5,0,0
1642015756,12/01/2022 19:29,4.8,16.8,0,0
1642016056,12/01/2022 19:34,4.8,17,0,0
1642016356,12/01/2022 19:39,4.8,17.3,0,0
1642016656,12/01/2022 19:44,4.8,17.3,0,0
1642016956,12/01/2022 19:49,4.8,17.9,0,0
1642017256,12/01/2022 19:54,4.8,17.4,0,0
1642017556,12/01/2022 19:59,4.8,17.5,0,0
1642017856,12/01/2022 20:04,4.7,17.7,0,0
1642018156,12/01/2022 20:09,4.7,17.9,0,0
1642018456,12/01/2022 20:14,4.7,17.7,0,0
1642018756,12/01/2022 20:19,4.7,17.2,0,0
1642019056,12/01/2022 20:24,4.6,17.7,1,0
1642019356,12/01/2022 20:29,4.6,17.6,1,0
1642019656,12/01/2022 20:34,4.6,17.5,1,0
1642019956,12/01/2022 20:39,4.5,17.4,1,0
1642020256,12/01/2022 20:44,4.5,17,1,0
1642020556,12/01/2022 20:49,4.5,17.2,1,0
1642020856,12/01/2022 20:54,4.4,17.1,1,0
1642021156,12/01/2022 20:59,4.4,17.2,1,0
1642021456,12/01/2022 21:04,4.4,16.9,1,0
1642021756,12/01/2022 21:09,4.3,16.8,1,0
1642022056,12/01/2022 21:14,4.2,16.7,1,0
1642022356,12/01/2022 21:19,4.2,16.7,1,0
1642022656,12/01/2022 21:24,4.1,16.5,1,0
1642022956,12/01/2022 21:29,4.1,16.7,1,0
1642023256,12/01/2022 21:34,4,16.3,1,0
1642023556,12/01/2022 21:39,4,16.2,1,0
1642023856,12/01/2022 21:44,3.9,16.1,1,0
1642024156,12/01/2022 21:49,3.9,15.5,1,0
1642024456,12/01/2022 21:54,3.8,15.9,1,0
1642024756,12/01/2022 21:59,3.8,15.8,1,0
1642025056,12/01/2022 22:04,3.8,15.7,1,0
1642025356,12/01/2022 22:09,3.8,15.3,1,0
1642025656,12/01/2022 22:14,3.8,15.5,1,0
1642025956,12/01/2022 22:19,3.8,15.4,1,0
1642026256,12/01/2022 22:24,3.8,15.8,0,0
1642026556,12/01/2022 22:29,3.8,16.2,0,0
1642026856,12/01/2022 22:34,3.8,16.6,0,0
1642027156,12/01/2022 22:39,3.8,17,0,0
1642027456,12/01/2022 22:44,3.8,17.4,0,0
1642027756,12/01/2022 22:49,3.8,17.4,0,0
1642028056,12/01/2022 22:54,3.8,17.4,1,0
1642028356,12/01/2022 22:59,3.8,17.2,0,0
1642028656,12/01/2022 23:04,3.8,17.1,0,0
1642028956,12/01/2022 23:09,3.7,17.9,0,0
1642029256,12/01/2022 23:14,3.7,17.8,0,0
1642029556,12/01/2022 23:19,3.7,17.5,0,0
1642029856,12/01/2022 23:24,3.6,17.3,0,0
1642030156,12/01/2022 23:29,3.6,17.3,1,0
1642030456,12/01/2022 23:34,3.6,17.1,1,0
1642030756,12/01/2022 23:39,3.6,17,1,0
1642031056,12/01/2022 23:44,3.5,16.2,1,0
1642031356,12/01/2022 23:49,3.5,16.6,1,0
1642031656,12/01/2022 23:54,3.5,16.5,1,0
1642031956,12/01/2022 23:59,3.4,16.3,1,0
1642032256,13/01/2022 00:04,3.4,16.3,1,0
1642032556,13/01/2022 00:09,3.4,15.9,1,0
1642032856,13/01/2022 00:14,3.4,15.8,1,0
1642033156,13/01/2022 00:19,3.3,15.6,1,0
1642033456,13/01/2022 00:24,3.3,15.9,0,0
1642033756,13/01/2022 00:29,3.3,16.3,0,0
1642034056,13/01/2022 00:34,3.3,16.6,0,0
1642034356,13/01/2022 00:39,3.2,16.2,0,0
1642034656,13/01/2022 00:44,3.2,16.3,0,0
1642034956,13/01/2022 00:49,3.2,16.8,0,0
1642035256,13/01/2022 00:54,3.2,16.2,0,0
1642035556,13/01/2022 00:59,3.1,16.3,0,0
1642035856,13/01/2022 01:04,3.1,16.5,0,0
1642036156,13/01/2022 01:09,3.1,16.6,0,0
1642036456,13/01/2022 01:14,3.2,16.3,0,0
1642036756,13/01/2022 01:19,3.2,16.3,0,0
1642037056,13/01/2022 01:24,3.2,16.7,0,0
1642037356,13/01/2022 01:29,3.2,16.2,0,0
1642037656,13/01/2022 01:34,3.2,16.8,0,0
1642037956,13/01/2022 01:39,3.2,16.3,0,0
1642038256,13/01/2022 01:44,3.2,16.9,0,0
1642038556,13/01/2022 01:49,3.2,16.2,0,0
1642038856,13/01/2022 01:54,3.2,16.9,0,0
1642039156,13/01/2022 01:59,3.2,16.6,0,0
1642039456,13/01/2022 02:04,3.2,16.7,0,0
1642039756,13/01/2022 02:09,3.2,16.5,0,0
1642040056,13/01/2022 02:14,3.1,16.6,0,0
1642040356,13/01/2022 02:19,3.1,16.6,0,0
1642040656,13/01/2022 02:24,3.1,16.3,0,0
1642040956,13/01/2022 02:29,3,16.6,0,0
1642041256,13/01/2022 02:34,3,16.3,0,0
1642041556,13/01/2022 02:39,3,16.8,0,0
1642041856,13/01/2022 02:44,2.9,16.6,0,0
1642042156,13/01/2022 02:49,2.9,16.7,0,0
1642042456,13/01/2022 02:54,2.9,16.5,0,0
1642042756,13/01/2022 02:59,2.8,16.2,0,0
1642043056,13/01/2022 03:04,2.8,16.8,0,0
1642043356,13/01/2022 03:09,2.8,16,0,0
1642043656,13/01/2022 03:14,2.8,15.9,0,0
1642043956,13/01/2022 03:19,2.8,15.4,0,0
1642044256,13/01/2022 03:24,2.8,15.6,0,0
1642044556,13/01/2022 03:29,2.8,15.8,0,0
1642044856,13/01/2022 03:34,2.8,15.4,0,0
1642045156,13/01/2022 03:39,2.8,15.4,0,0
1642045456,13/01/2022 03:44,2.8,15,0,0
1642045756,13/01/2022 03:49,2.8,15.3,0,0
1642046056,13/01/2022 03:54,2.8,15.6,0,0
1642046356,13/01/2022 03:59,2.8,15.5,0,0
1642046656,13/01/2022 04:04,2.9,15.5,0,0
1642046956,13/01/2022 04:09,3,15.1,0,0
1642047256,13/01/2022 04:14,3.2,15.8,0,0
1642047556,13/01/2022 04:19,3.3,15.3,0,0
1642047856,13/01/2022 04:24,3.4,15.4,0,0
1642048156,13/01/2022 04:29,3.6,15.8,0,0
1642048456,13/01/2022 04:34,3.7,15.4,0,0
1642048756,13/01/2022 04:39,3.8,15.4,0,0
1642049056,13/01/2022 04:44,4,15.7,0,0
1642049356,13/01/2022 04:49,4.1,15.2,0,0
1642049656,13/01/2022 04:54,4.2,15.1,0,0
1642049956,13/01/2022 04:59,4.4,15.5,0,0
1642050256,13/01/2022 05:04,4.4,16.2,0,0
1642050556,13/01/2022 05:09,4.4,16.6,0,0
1642050856,13/01/2022 05:14,4.4,16.9,0,0
1642051156,13/01/2022 05:19,4.4,16.5,0,0
1642051456,13/01/2022 05:24,4.4,16.7,0,0
1642051756,13/01/2022 05:29,4.4,16.6,0,0
1642052056,13/01/2022 05:34,4.4,16.6,0,0
1642052356,13/01/2022 05:39,4.4,16.8,0,0
1642052656,13/01/2022 05:44,4.4,16.3,0,0
1642052956,13/01/2022 05:49,4.3,16.5,0,0
1642053256,13/01/2022 05:54,4.3,16.1,0,0
1642053556,13/01/2022 05:59,4.3,16.6,0,0
1642053856,13/01/2022 06:04,4.3,16.3,0,0
1642054156,13/01/2022 06:09,4.3,16.6,0,0
1642054456,13/01/2022 06:14,4.3,16.2,0,0
1642054756,13/01/2022 06:19,4.2,16.5,0,0
1642055056,13/01/2022 06:24,4.2,16.5,0,0
1642055356,13/01/2022 06:29,4.2,16.7,0,0
1642055656,13/01/2022 06:34,4.2,16.4,0,0
1642055956,13/01/2022 06:39,4.2,16.9,0,0
1642056256,13/01/2022 06:44,4.1,16.1,0,0
1642056556,13/01/2022 06:49,4.1,16.9,0,0
1642056856,13/01/2022 06:54,4.1,16.2,0,0
1642057156,13/01/2022 06:59,4.1,17,0,0
1642057456,13/01/2022 07:04,3.9,16.4,0,0
1642057756,13/01/2022 07:09,3.8,16.7,0,0
1642058056,13/01/2022 07:14,3.6,16.1,0,0
1642058356,13/01/2022 07:19,3.5,16.4,0,0
1642058656,13/01/2022 07:24,3.3,16.4,0,0
1642058956,13/01/2022 07:29,3.2,16,0,0
1642059256,13/01/2022 07:34,3,16.2,0,0
1642059556,13/01/2022 07:39,2.9,16.2,0,0
1642059856,13/01/2022 07:44,2.7,16.9,0,0
1642060156,13/01/2022 07:49,2.6,17.5,0,0
1642060456,13/01/2022 07:54,2.4,17.3,0,0
1642060756,13/01/2022 07:59,2.3,17.4,0,0
1642061056,13/01/2022 08:04,2.3,17.6,0,0
1642061356,13/01/2022 08:09,2.3,17.3,0,0
1642061656,13/01/2022 08:14,2.4,17.2,0,0
1642061956,13/01/2022 08:19,2.4,17.2,0,0
1642062256,13/01/2022 08:24,2.4,18,0,0
1642062556,13/01/2022 08:29,2.5,17,0,0
1642062856,13/01/2022 08:34,2.5,17,0,0
1642063156,13/01/2022 08:39,2.5,17.2,0,0
1642063456,13/01/2022 08:44,2.6,17.3,0,0
1642063756,13/01/2022 08:49,2.6,17.5,0,0
1642064056,13/01/2022 08:54,2.6,17.3,0,0
1642064356,13/01/2022 08:59,2.7,17.9,0,0
1642064656,13/01/2022 09:04,2.8,17.8,0,0
1642064956,13/01/2022 09:09,2.9,17.3,0,0
1642065256,13/01/2022 09:14,3,17.9,0,0
1642065556,13/01/2022 09:19,3.1,18,0,0
1642065856,13/01/2022 09:24,3.2,17.2,0,0
1642066156,13/01/2022 09:29,3.3,17.8,0,0
1642066456,13/01/2022 09:34,3.4,17.1,0,0
1642066756,13/01/2022 09:39,3.5,17.3,0,0
1642067056,13/01/2022 09:44,3.6,17.2,0,0
1642067356,13/01/2022 09:49,3.7,17.8,0,0
1642067656,13/01/2022 09:54,3.8,17.5,0,0
1642067956,13/01/2022 09:59,3.9,17.8,0,0
1642068256,13/01/2022 10:04,4.1,17.4,0,0
1642068556,13/01/2022 10:09,4.3,17.6,0,0
1642068856,13/01/2022 10:14,4.5,17.5,0,0
1642069156,13/01/2022 10:19,4.8,17.7,0,0
1642069456,13/01/2022 10:24,5,17.2,0,0
1642069756,13/01/2022 10:29,5.2,17.5,0,0
1642070056,13/01/2022 10:34,5.4,17.9,0,0
1642070356,13/01/2022 10:39,5.6,18.2,0,0
1642070656,13/01/2022 10:44,5.9,18.7,0,0
1642070956,13/01/2022 10:49,6.1,18.5,0,0
1642071256,13/01/2022 10:54,6.3,18.4,0,0
1642071556,13/01/2022 10:59,6.5,18.5,0,0
1642071856,13/01/2022 11:04,6.6,18.1,0,0
1642072156,13/01/2022 11:09,6.6,18.4,0,0
1642072456,13/01/2022 11:14,6.7,18.2,0,0
1642072756,13/01/2022 11:19,6.8,18.2,0,0
1642073056,13/01/2022 11:24,6.8,18.2,0,0
1642073356,13/01/2022 11:29,6.9,18.6,0,0
1642073656,13/01/2022 11:34,6.9,18.9,0,0
1642073956,13/01/2022 11:39,7,18.5,1,0
1642074256,13/01/2022 11:44,7.1,18.4,1,0
1642074556,13/01/2022 11:49,7.1,18.3,1,0
1642074856,13/01/2022 11:54,7.2,18.3,1,0
1642075156,13/01/2022 11:59,7.2,18.2,1,0
1642075456,13/01/2022 12:04,7.4,18.1,1,0
1642075756,13/01/2022 12:09,7.5,18.4,1,0
1642076056,13/01/2022 12:14,7.7,17.9,1,0
1642076356,13/01/2022 12:19,7.8,17.9,1,0
1642076656,13/01/2022 12:24,7.9,17.6,1,0
1642076956,13/01/2022 12:29,8.1,17.7,1,0
1642077256,13/01/2022 12:34,8.2,17.6,1,0
1642077556,13/01/2022 12:39,8.3,17,1,0
1642077856,13/01/2022 12:44,8.5,17.4,1,0
1642078156,13/01/2022 12:49,8.6,17.4,1,0
1642078456,13/01/2022 12:54,8.7,17,1,0
1642078756,13/01/2022 12:59,8.9,16.8,1,0
1642079056,13/01/2022 13:04,8.9,17.1,1,0
1642079356,13/01/2022 13:09,8.9,17,1,0
1642079656,13/01/2022 13:14,9,17,1,0
1642079956,13/01/2022 13:19,9,16.9,1,0
1642080256,13/01/2022 13:24,9,16.8,1,0
1642080556,13/01/2022 13:29,9.1,17.2,1,0
1642080856,13/01/2022 13:34,9.1,17.6,0,0
1642081156,13/01/2022 13:39,9.1,18,0,0
1642081456,13/01/2022 13:44,9.2,18.4,0,0
1642081756,13/01/2022 13:49,9.2,18.3,0,0
1642082056,13/01/2022 13:54,9.2,18.1,0,0
1642082356,13/01/2022 13:59,9.3,18.5,0,0
1642082656,13/01/2022 14:04,9.2,18.5,0,0
1642082956,13/01/2022 14:09,9.2,18.8,0,0
1642083256,13/01/2022 14:14,9.2,18.6,0,0
1642083556,13/01/2022 14:19,9.2,18.3,1,0
1642083856,13/01/2022 14:24,9.2,18,1,0
1642084156,13/01/2022 14:29,9.2,17.5,1,0
1642084456,13/01/2022 14:34,9.1,18,0,0
1642084756,13/01/2022 14:39,9.1,18.1,0,0
1642085056,13/01/2022 14:44,9.1,18.5,0,0
1642085356,13/01/2022 14:49,9.1,18.5,0,0
1642085656,13/01/2022 14:54,9.1,18.7,0,0
1642085956,13/01/2022 14:59,9.1,18.9,0,0
1642086256,13/01/2022 15:04,8.9,18.7,0,0
1642086556,13/01/2022 15:09,8.8,17.8,1,0
1642086856,13/01/2022 15:14,8.7,17.2,1,0
1642087156,13/01/2022 15:19,8.6,17.1,0,0
1642087456,13/01/2022 15:24,8.5,17.3,0,0
1642087756,13/01/2022 15:29,8.3,18,0,0
1642088056,13/01/2022 15:34,8.2,17.5,0,0
1642088356,13/01/2022 15:39,8.1,18.5,0,0
1642088656,13/01/2022 15:44,8,18.4,0,0
1642088956,13/01/2022 15:49,7.9,18.7,0,0
1642089256,13/01/2022 15:54,7.7,18.7,0,0
1642089556,13/01/2022 15:59,7.6,18.8,0,0
1642089856,13/01/2022 16:04,7.5,18.8,0,0
1642090156,13/01/2022 16:09,7.4,18.1,1,0
1642090456,13/01/2022 16:14,7.3,17.9,1,0
1642090756,13/01/2022 16:19,7.1,17.5,1,0
1642091056,13/01/2022 16:24,7,17.4,1,0
1642091356,13/01/2022 16:29,6.9,17.5,1,0
1642091656,13/01/2022 16:34,6.8,17.1,1,0
1642091956,13/01/2022 16:39,6.7,16.9,1,0
1642092256,13/01/2022 16:44,6.5,16.5,1,0
1642092556,13/01/2022 16:49,6.4,16.5,1,0
1642092856,13/01/2022 16:54,6.3,17,0,0
1642093156,13/01/2022 16:59,6.2,18,0,0
1642093456,13/01/2022 17:04,6.1,18.1,0,0
1642093756,13/01/2022 17:09,6.1,18.6,0,0
1642094056,13/01/2022 17:14,6,18.6,0,0
1642094356,13/01/2022 17:19,5.9,18.3,0,0
1642094656,13/01/2022 17:24,5.9,18.2,0,0
1642094956,13/01/2022 17:29,5.8,18.1,0,0
1642095256,13/01/2022 17:34,5.8,18.3,1,0
1642095556,13/01/2022 17:39,5.7,18,1,0
1642095856,13/01/2022 17:44,5.6,17.7,1,0
1642096156,13/01/2022 17:49,5.6,17,1,0
1642096456,13/01/2022 17:54,5.5,17.1,1,0
1642096756,13/01/2022 17:59,5.5,16.8,1,1
1642097056,13/01/2022 18:04,5.4,17.1,0,0
1642097356,13/01/2022 18:09,5.4,17.4,0,0
1642097656,13/01/2022 18:14,5.3,17.3,0,0
1642097956,13/01/2022 18:19,5.3,17.6,0,0
1642098256,13/01/2022 18:24,5.3,17.9,0,0
1642098556,13/01/2022 18:29,5.2,17.2,0,0
1642098856,13/01/2022 18:34,5.2,17.3,0,0
1642099156,13/01/2022 18:39,5.2,17.2,1,0
1642099456,13/01/2022 18:44,5.1,17,1,0
1642099756,13/01/2022 18:49,5.1,16.9,1,1
1642100056,13/01/2022 18:54,5.1,17,0,0
1642100356,13/01/2022 18:59,5,17.2,0,0
1642100656,13/01/2022 19:04,5,17.3,0,0
1642100956,13/01/2022 19:09,5,17.8,0,0
1642101256,13/01/2022 19:14,4.9,17.9,0,0
1642101556,13/01/2022 19:19,4.9,17,0,0
1642101856,13/01/2022 19:24,4.9,17.1,0,0
1642102156,13/01/2022 19:29,4.8,17.2,0,0
1642102456,13/01/2022 19:34,4.8,17.4,0,0
1642102756,13/01/2022 19:39,4.8,17,1,0
1642103056,13/01/2022 19:44,4.7,17.9,0,0
1642103356,13/01/2022 19:49,4.7,17.8,0,0
1642103656,13/01/2022 19:54,4.7,17.3,0,0
1642103956,13/01/2022 19:59,4.6,17.6,0,0
1642104256,13/01/2022 20:04,4.6,17.7,0,0
1642104556,13/01/2022 20:09,4.6,17.9,0,0
1642104856,13/01/2022 20:14,4.6,17.6,0,0
1642105156,13/01/2022 20:19,4.6,17.2,0,0
1642105456,13/01/2022 20:24,4.6,17.8,0,0
1642105756,13/01/2022 20:29,4.6,17,1,0
1642106056,13/01/2022 20:34,4.6,17,1,0
1642106356,13/01/2022 20:39,4.6,16.8,1,0
1642106656,13/01/2022 20:44,4.6,16.7,1,0
1642106956,13/01/2022 20:49,4.5,16.8,1,0
1642107256,13/01/2022 20:54,4.5,16.6,1,0
1642107556,13/01/2022 20:59,4.5,16.5,1,0
1642107856,13/01/2022 21:04,4.5,16.4,1,1
1642108156,13/01/2022 21:09,4.4,16.3,1,1
1642108456,13/01/2022 21:14,4.4,16.9,0,0
1642108756,13/01/2022 21:19,4.3,17.4,0,0
1642109056,13/01/2022 21:24,4.3,17.2,0,0
1642109356,13/01/2022 21:29,4.2,17.3,0,0
1642109656,13/01/2022 21:34,4.2,17.2,0,0
1642109956,13/01/2022 21:39,4.1,17.2,0,0
1642110256,13/01/2022 21:44,4.1,17,0,0
1642110556,13/01/2022 21:49,4,17.3,0,0
1642110856,13/01/2022 21:54,4,17.6,0,0
1642111156,13/01/2022 21:59,3.9,17.8,0,0
1642111456,13/01/2022 22:04,3.9,17.9,0,0
1642111756,13/01/2022 22:09,3.8,17.7,0,0
1642112056,13/01/2022 22:14,3.8,17.5,0,0
1642112356,13/01/2022 22:19,3.7,17.2,0,0
1642112656,13/01/2022 22:24,3.7,17.6,0,0
1642112956,13/01/2022 22:29,3.6,17.2,0,0
1642113256,13/01/2022 22:34,3.6,17.9,0,0
1642113556,13/01/2022 22:39,3.5,18,0,0
1642113856,13/01/2022 22:44,3.5,17.1,0,0
1642114156,13/01/2022 22:49,3.4,17.7,0,0
1642114456,13/01/2022 22:54,3.4,17.1,0,0
1642114756,13/01/2022 22:59,3.3,16.9,0,0
1642115056,13/01/2022 23:04,3.3,16.6,0,0
1642115356,13/01/2022 23:09,3.3,16.3,0,0
1642115656,13/01/2022 23:14,3.2,16.9,0,0
1642115956,13/01/2022 23:19,3.2,16.1,0,0
1642116256,13/01/2022 23:24,3.1,16.4,0,0
1642116556,13/01/2022 23:29,3.1,16.9,0,0
1642116856,13/01/2022 23:34,3.1,16.6,0,0
1642117156,13/01/2022 23:39,3,16.8,0,0
1642117456,13/01/2022 23:44,3,16.4,0,0
1642117756,13/01/2022 23:49,2.9,16.9,0,0
1642118056,13/01/2022 23:54,2.9,16.6,0,0
1642118356,13/01/2022 23:59,2.9,16.6,0,0
1642118656,14/01/2022 00:04,2.9,16.4,0,0
1642118956,14/01/2022 00:09,2.9,16.5,0,0
1642119256,14/01/2022 00:14,2.9,16.1,0,0
1642119556,14/01/2022 00:19,2.9,16.2,0,0
1642119856,14/01/2022 00:24,2.9,16.4,0,0
1642120156,14/01/2022 00:29,2.9,16.6,0,0
1642120456,14/01/2022 00:34,2.9,16.7,0,0
1642120756,14/01/2022 00:39,3,16.4,0,0
1642121056,14/01/2022 00:44,3,16.7,0,0
1642121356,14/01/2022 00:49,3,16.8,0,0
1642121656,14/01/2022 00:54,3,16.1,0,0
1642121956,14/01/2022 00:59,3,16.9,0,0
1642122256,14/01/2022 01:04,3,16.5,0,0
1642122556,14/01/2022 01:09,3,16.2,0,0
1642122856,14/01/2022 01:14,3,16.8,0,0
1642123156,14/01/2022 01:19,2.9,16.7,0,0
1642123456,14/01/2022 01:24,2.9,16.3,0,0
1642123756,14/01/2022 01:29,2.9,16.7,0,0
1642124056,14/01/2022 01:34,2.9,16.9,0,0
1642124356,14/01/2022 01:39,2.9,16.3,0,0
1642124656,14/01/2022 01:44,2.8,16.5,0,0
1642124956,14/01/2022 01:49,2.8,16.2,0,0
1642125256,14/01/2022 01:54,2.8,16.8,0,0
1642125556,14/01/2022 01:59,2.8,16.5,0,0
1642125856,14/01/2022 02:04,2.8,16.8,0,0
1642126156,14/01/2022 02:09,2.7,16.5,0,0
1642126456,14/01/2022 02:14,2.7,16.5,0,0
1642126756,14/01/2022 02:19,2.6,16,0,0
1642127056,14/01/2022 02:24,2.6,15.8,0,0
1642127356,14/01/2022 02:29,2.6,15.8,0,0
1642127656,14/01/2022 02:34,2.5,15.9,0,0
1642127956,14/01/2022 02:39,2.5,15.5,0,0
1642128256,14/01/2022 02:44,2.5,15.9,0,0
1642128556,14/01/2022 02:49,2.4,15.4,0,0
1642128856,14/01/2022 02:54,2.4,15.2,0,0
1642129156,14/01/2022 02:59,2.4,15.6,0,0
1642129456,14/01/2022 03:04,2.3,15.7,0,0
1642129756,14/01/2022 03:09,2.3,15.2,0,0
1642130056,14/01/2022 03:14,2.2,15.5,0,0
1642130356,14/01/2022 03:19,2.2,15.3,0,0
1642130656,14/01/2022 03:24,2.2,15.7,0,0
1642130956,14/01/2022 03:29,2.1,15.7,0,0
1642131256,14/01/2022 03:34,2.1,15.7,0,0
1642131556,14/01/2022 03:39,2.1,15.9,0,0
1642131856,14/01/2022 03:44,2,15.8,0,0
1642132156,14/01/2022 03:49,2,15.7,0,0
1642132456,14/01/2022 03:54,2,15.1,0,0
1642132756,14/01/2022 03:59,1.9,15.7,0,0
1642133056,14/01/2022 04:04,2.1,15.5,0,0
1642133356,14/01/2022 04:09,2.4,15.8,0,0
1642133656,14/01/2022 04:14,2.6,16,0,0
1642133956,14/01/2022 04:19,2.8,16.3,0,0
1642134256,14/01/2022 04:24,3,16.7,0,0
1642134556,14/01/2022 04:29,3.2,16.8,0,0
1642134856,14/01/2022 04:34,3.4,16.3,0,0
1642135156,14/01/2022 04:39,3.6,16.6,0,0
1642135456,14/01/2022 04:44,3.9,16.3,0,0
1642135756,14/01/2022 04:49,4.1,16.9,0,0
1642136056,14/01/2022 04:54,4.3,16,0,0
1642136356,14/01/2022 04:59,4.5,16.8,0,0
1642136656,14/01/2022 05:04,4.4,16.8,0,0
1642136956,14/01/2022 05:09,4.4,16.5,0,0
1642137256,14/01/2022 05:14,4.3,16,0,0
1642137556,14/01/2022 05:19,4.3,16.7,0,0
1642137856,14/01/2022 05:24,4.2,16.1,0,0
1642138156,14/01/2022 05:29,4.2,16.8,0,0
1642138456,14/01/2022 05:34,4.1,16.7,0,0
1642138756,14/01/2022 05:39,4.1,16.6,0,0
1642139056,14/01/2022 05:44,4,16.9,0,0
1642139356,14/01/2022 05:49,4,17,0,0
1642139656,14/01/2022 05:54,3.9,16.5,0,0
1642139956,14/01/2022 05:59,3.9,16.9,0,0
1642140256,14/01/2022 06:04,3.9,16.7,0,0
1642140556,14/01/2022 06:09,3.9,16.4,0,0
1642140856,14/01/2022 06:14,3.9,16.9,0,0
1642141156,14/01/2022 06:19,3.9,16.3,0,0
1642141456,14/01/2022 06:24,3.9,16.5,0,0
1642141756,14/01/2022 06:29,3.9,16.9,0,0
1642142056,14/01/2022 06:34,3.9,16.1,0,0
1642142356,14/01/2022 06:39,4,16.5,0,0
1642142656,14/01/2022 06:44,4,16.6,0,0
1642142956,14/01/2022 06:49,4,16.5,0,0
1642143256,14/01/2022 06:54,4,16.6,0,0
1642143556,14/01/2022 06:59,4,16.7,0,0
1642143856,14/01/2022 07:04,4,17,0,0
1642144156,14/01/2022 07:09,4,17.8,0,0
1642144456,14/01/2022 07:14,4,17.5,0,0
1642144756,14/01/2022 07:19,4,17.1,0,0
1642145056,14/01/2022 07:24,4,17.1,0,0
1642145356,14/01/2022 07:29,4,17.5,0,0
1642145656,14/01/2022 07:34,4,17.7,0,0
1642145956,14/01/2022 07:39,4.1,18,0,0
1642146256,14/01/2022 07:44,4.1,17.7,0,0
1642146556,14/01/2022 07:49,4.1,18,0,0
1642146856,14/01/2022 07:54,4.1,17.7,0,0
1642147156,14/01/2022 07:59,4.1,17.3,0,0
1642147456,14/01/2022 08:04,4.1,17.5,0,0
1642147756,14/01/2022 08:09,4.1,17.3,0,0
1642148056,14/01/2022 08:14,4,17.2,0,0
1642148356,14/01/2022 08:19,4,17,0,0
1642148656,14/01/2022 08:24,4,17.5,0,0
1642148956,14/01/2022 08:29,4,17.9,0,0
1642149256,14/01/2022 08:34,4,17.8,0,0
1642149556,14/01/2022 08:39,3.9,17.7,0,0
1642149856,14/01/2022 08:44,3.9,17.1,0,0
1642150156,14/01/2022 08:49,3.9,17.1,0,0
1642150456,14/01/2022 08:54,3.9,17.4,0,0
1642150756,14/01/2022 08:59,3.9,17.2,0,0
1642151056,14/01/2022 09:04,3.9,17.7,0,0
1642151356,14/01/2022 09:09,3.8,17.7,0,0
1642151656,14/01/2022 09:14,3.8,17.1,0,0
1642151956,14/01/2022 09:19,3.8,17.1,0,0
1642152256,14/01/2022 09:24,3.8,17.5,0,0
1642152556,14/01/2022 09:29,3.8,17.5,0,0
1642152856,14/01/2022 09:34,3.7,17.3,0,0
1642153156,14/01/2022 09:39,3.7,17.7,0,0
1642153456,14/01/2022 09:44,3.7,17.3,0,0
1642153756,14/01/2022 09:49,3.7,17.8,0,0
1642154056,14/01/2022 09:54,3.7,17.2,0,0
1642154356,14/01/2022 09:59,3.7,17.5,0,0
1642154656,14/01/2022 10:04,3.8,17.8,0,0
1642154956,14/01/2022 10:09,3.9,17.8,0,0
1642155256,14/01/2022 10:14,4,17.5,0,0
1642155556,14/01/2022 10:19,4.1,17.1,0,0
1642155856,14/01/2022 10:24,4.3,17.5,0,0
1642156156,14/01/2022 10:29,4.4,17.5,0,0
1642156456,14/01/2022 10:34,4.5,17.4,0,0
1642156756,14/01/2022 10:39,4.6,17.5,0,0
1642157056,14/01/2022 10:44,4.7,17.9,0,0
1642157356,14/01/2022 10:49,4.9,18.2,0,0
1642157656,14/01/2022 10:54,5,18.8,0,0
1642157956,14/01/2022 10:59,5.1,18.8,0,0
1642158256,14/01/2022 11:04,5.2,18.3,0,0
1642158556,14/01/2022 11:09,5.3,18.9,0,0
1642158856,14/01/2022 11:14,5.4,18.3,0,0
1642159156,14/01/2022 11:19,5.5,18.2,0,0
1642159456,14/01/2022 11:24,5.6,18.4,0,0
1642159756,14/01/2022 11:29,5.7,18.6,0,0
1642160056,14/01/2022 11:34,5.8,18.3,0,0
1642160356,14/01/2022 11:39,5.9,18.7,0,0
1642160656,14/01/2022 11:44,6,18.5,0,0
1642160956,14/01/2022 11:49,6.1,18.5,0,0
1642161256,14/01/2022 11:54,6.2,18.9,0,0
1642161556,14/01/2022 11:59,6.3,18.1,0,0
1642161856,14/01/2022 12:04,6.4,17.8,1,0
1642162156,14/01/2022 12:09,6.5,17,1,0
1642162456,14/01/2022 12:14,6.6,17.2,1,0
1642162756,14/01/2022 12:19,6.7,16.9,1,1
1642163056,14/01/2022 12:24,6.8,17.2,0,0
1642163356,14/01/2022 12:29,6.9,17.6,0,0
1642163656,14/01/2022 12:34,7,17.9,0,0
1642163956,14/01/2022 12:39,7.1,17.3,0,0
1642164256,14/01/2022 12:44,7.2,17.7,1,0
1642164556,14/01/2022 12:49,7.3,17.1,1,0
1642164856,14/01/2022 12:54,7.4,17.4,0,0
1642165156,14/01/2022 12:59,7.6,17.7,0,0
1642165456,14/01/2022 13:04,7.7,17.2,0,0
1642165756,14/01/2022 13:09,7.8,17.2,0,0
1642166056,14/01/2022 13:14,7.9,17.8,0,0
1642166356,14/01/2022 13:19,8,17.3,1,0
1642166656,14/01/2022 13:24,8.2,17.9,1,0
1642166956,14/01/2022 13:29,8.3,17.3,1,0
1642167256,14/01/2022 13:34,8.4,17.1,0,0
1642167556,14/01/2022 13:39,8.5,18,0,0
1642167856,14/01/2022 13:44,8.6,18.3,0,0
1642168156,14/01/2022 13:49,8.8,18.1,0,0
1642168456,14/01/2022 13:54,8.9,18.3,0,0
1642168756,14/01/2022 13:59,9,18.5,0,0
1642169056,14/01/2022 14:04,8.9,18.1,0,0
1642169356,14/01/2022 14:09,8.8,18.4,0,0
1642169656,14/01/2022 14:14,8.7,18.7,1,0
1642169956,14/01/2022 14:19,8.6,17.9,1,0
1642170256,14/01/2022 14:24,8.6,17.8,0,0
1642170556,14/01/2022 14:29,8.5,18.2,0,0
1642170856,14/01/2022 14:34,8.4,18.6,0,0
1642171156,14/01/2022 14:39,8.3,18.8,0,0
1642171456,14/01/2022 14:44,8.2,18.9,0,0
1642171756,14/01/2022 14:49,8.1,18.9,0,0
1642172056,14/01/2022 14:54,8,18.2,0,0
1642172356,14/01/2022 14:59,7.9,18.1,0,0
1642172656,14/01/2022 15:04,7.8,18.4,0,0
1642172956,14/01/2022 15:09,7.7,18.3,0,0
1642173256,14/01/2022 15:14,7.7,18.2,0,0
1642173556,14/01/2022 15:19,7.6,18.3,0,0
1642173856,14/01/2022 15:24,7.5,18,0,0
1642174156,14/01/2022 15:29,7.4,18.7,0,0
1642174456,14/01/2022 15:34,7.3,18.8,0,0
1642174756,14/01/2022 15:39,7.2,18.8,0,0
1642175056,14/01/2022 15:44,7.1,19,0,0
1642175356,14/01/2022 15:49,7,18.4,0,0
1642175656,14/01/2022 15:54,6.9,18.3,0,0
1642175956,14/01/2022 15:59,6.8,17.9,1,0
1642176256,14/01/2022 16:04,6.8,17.6,1,0
1642176556,14/01/2022 16:09,6.7,17.2,1,0
1642176856,14/01/2022 16:14,6.6,16.8,1,1
1642177156,14/01/2022 16:19,6.5,17,0,0
1642177456,14/01/2022 16:24,6.4,17.5,0,0
1642177756,14/01/2022 16:29,6.3,17.5,0,0
1642178056,14/01/2022 16:34,6.2,18,0,0
1642178356,14/01/2022 16:39,6.1,17.4,0,0
1642178656,14/01/2022 16:44,6,17.5,0,0
1642178956,14/01/2022 16:49,5.9,17.7,0,0
1642179256,14/01/2022 16:54,5.9,18,0,0
1642179556,14/01/2022 16:59,5.8,17.5,0,0
1642179856,14/01/2022 17:04,5.7,17.6,0,0
1642180156,14/01/2022 17:09,5.6,17.2,0,0
1642180456,14/01/2022 17:14,5.6,17.4,0,0
1642180756,14/01/2022 17:19,5.5,17.5,0,0
1642181056,14/01/2022 17:24,5.4,17.3,0,0
1642181356,14/01/2022 17:29,5.4,18,0,0
1642181656,14/01/2022 17:34,5.3,17.9,0,0
1642181956,14/01/2022 17:39,5.3,17.8,0,0
1642182256,14/01/2022 17:44,5.2,17.8,0,0
1642182556,14/01/2022 17:49,5.1,17.4,0,0
1642182856,14/01/2022 17:54,5.1,17.5,0,0
1642183156,14/01/2022 17:59,5,17.1,1,0
1642183456,14/01/2022 18:04,5,17,1,0
1642183756,14/01/2022 18:09,4.9,17,1,0
1642184056,14/01/2022 18:14,4.9,16.9,0,0
1642184356,14/01/2022 18:19,4.8,17.2,0,0
1642184656,14/01/2022 18:24,4.8,17.7,0,0
1642184956,14/01/2022 18:29,4.7,17.8,0,0
1642185256,14/01/2022 18:34,4.7,17.7,0,0
1642185556,14/01/2022 18:39,4.6,17.1,0,0
1642185856,14/01/2022 18:44,4.6,17.9,0,0
1642186156,14/01/2022 18:49,4.5,17.7,0,0
1642186456,14/01/2022 18:54,4.5,17.7,0,0
1642186756,14/01/2022 18:59,4.4,17.5,0,0
1642187056,14/01/2022 19:04,4.4,17.1,0,0
1642187356,14/01/2022 19:09,4.4,17,0,0
1642187656,14/01/2022 19:14,4.3,16.9,1,0
1642187956,14/01/2022 19:19,4.3,16.9,1,0
1642188256,14/01/2022 19:24,4.2,16.8,1,1
1642188556,14/01/2022 19:29,4.2,17,0,0
1642188856,14/01/2022 19:34,4.1,16.7,0,0
1642189156,14/01/2022 19:39,4.1,16.1,0,0
1642189456,14/01/2022 19:44,4,16.1,0,0
1642189756,14/01/2022 19:49,4,16.1,0,0
1642190056,14/01/2022 19:54,3.9,16.8,0,0
1642190356,14/01/2022 19:59,3.9,16.9,0,0
1642190656,14/01/2022 20:04,3.8,17.1,0,0
1642190956,14/01/2022 20:09,3.8,16.5,1,0
1642191256,14/01/2022 20:14,3.8,15.9,1,0
1642191556,14/01/2022 20:19,3.7,15.3,1,0
1642191856,14/01/2022 20:24,3.7,14.7,1,1
1642192156,14/01/2022 20:29,3.6,14.8,1,1
1642192456,14/01/2022 20:34,3.6,14.8,1,1
1642192756,14/01/2022 20:39,3.6,15.1,0,0
1642193056,14/01/2022 20:44,3.5,15.9,0,0
1642193356,14/01/2022 20:49,3.5,15.4,0,0
1642193656,14/01/2022 20:54,3.4,15.4,0,0
1642193956,14/01/2022 20:59,3.4,15.8,0,0
1642194256,14/01/2022 21:04,3.4,15,0,0
1642194556,14/01/2022 21:09,3.3,15.3,0,0
1642194856,14/01/2022 21:14,3.3,15.9,0,0
1642195156,14/01/2022 21:19,3.2,15.1,1,0
1642195456,14/01/2022 21:24,3.2,15,1,0
1642195756,14/01/2022 21:29,3.1,14.7,1,1
1642196056,14/01/2022 21:34,3.1,14.6,1,1
1642196356,14/01/2022 21:39,3,15,0,0
1642196656,14/01/2022 21:44,3,15.9,0,0
1642196956,14/01/2022 21:49,2.9,15.5,0,0
1642197256,14/01/2022 21:54,2.9,15.7,0,0
1642197556,14/01/2022 21:59,2.8,15.6,0,0
1642197856,14/01/2022 22:04,2.8,16,0,0
1642198156,14/01/2022 22:09,2.7,16.8,0,0
1642198456,14/01/2022 22:14,2.7,16.6,0,0
1642198756,14/01/2022 22:19,2.7,16.3,0,0
1642199056,14/01/2022 22:24,2.6,16.9,0,0
1642199356,14/01/2022 22:29,2.6,16.7,0,0
1642199656,14/01/2022 22:34,2.6,16.8,0,0
1642199956,14/01/2022 22:39,2.6,16.9,0,0
1642200256,14/01/2022 22:44,2.5,16.6,0,0
1642200556,14/01/2022 22:49,2.5,16.9,0,0
1642200856,14/01/2022 22:54,2.5,16.2,0,0
1642201156,14/01/2022 22:59,2.4,16.7,0,0
1642201456,14/01/2022 23:04,2.4,17,0,0
1642201756,14/01/2022 23:09,2.4,16.2,0,0
1642202056,14/01/2022 23:14,2.3,16.8,0,0
1642202356,14/01/2022 23:19,2.3,16.7,0,0
1642202656,14/01/2022 23:24,2.3,16.7,0,0
1642202956,14/01/2022 23:29,2.2,16.7,0,0
1642203256,14/01/2022 23:34,2.2,16.6,0,0
1642203556,14/01/2022 23:39,2.2,16.9,0,0
1642203856,14/01/2022 23:44,2.1,16.1,0,0
1642204156,14/01/2022 23:49,2.1,17,0,0
1642204456,14/01/2022 23:54,2.1,16.3,0,0
1642204756,14/01/2022 23:59,2.1,16.3,0,0
1642205056,15/01/2022 00:04,2.2,16.4,0,0
1642205356,15/01/2022 00:09,2.3,16.3,0,0
1642205656,15/01/2022 00:14,2.5,16.3,0,0
1642205956,15/01/2022 00:19,2.6,16.9,0,0
1642206256,15/01/2022 00:24,2.7,16.6,0,0
1642206556,15/01/2022 00:29,2.9,17,0,0
1642206856,15/01/2022 00:34,3,16.9,0,0
1642207156,15/01/2022 00:39,3.1,16,0,0
1642207456,15/01/2022 00:44,3.3,16.7,0,0
1642207756,15/01/2022 00:49,3.4,16.7,0,0
1642208056,15/01/2022 00:54,3.5,16.6,0,0
1642208356,15/01/2022 00:59,3.7,16.7,0,0
1642208656,15/01/2022 01:04,3.6,16.2,0,0
1642208956,15/01/2022 01:09,3.5,16.3,0,0
1642209256,15/01/2022 01:14,3.4,17,0,0
1642209556,15/01/2022 01:19,3.3,16.3,0,0
1642209856,15/01/2022 01:24,3.2,16.7,0,0
1642210156,15/01/2022 01:29,3.2,16.4,0,0
1642210456,15/01/2022 01:34,3.1,16.3,0,0
1642210756,15/01/2022 01:39,3,16.1,0,0
1642211056,15/01/2022 01:44,2.9,16.6,0,0
1642211356,15/01/2022 01:49,2.8,16.2,0,0
1642211656,15/01/2022 01:54,2.7,16.1,0,0
1642211956,15/01/2022 01:59,2.7,16.2,0,0
1642212256,15/01/2022 02:04,2.6,16.3,0,0
1642212556,15/01/2022 02:09,2.5,16.5,0,0
1642212856,15/01/2022 02:14,2.4,16.9,0,0
1642213156,15/01/2022 02:19,2.3,16.7,0,0
1642213456,15/01/2022 02:24,2.2,16.4,0,0
1642213756,15/01/2022 02:29,2.1,16.4,0,0
1642214056,15/01/2022 02:34,2,16.8,0,0
1642214356,15/01/2022 02:39,1.9,16.6,0,0
1642214656,15/01/2022 02:44,1.8,16.8,0,0
1642214956,15/01/2022 02:49,1.8,16.1,0,0
1642215256,15/01/2022 02:54,1.7,15.9,0,0
1642215556,15/01/2022 02:59,1.6,15.6,0,0
1642215856,15/01/2022 03:04,1.6,15.5,0,0
1642216156,15/01/2022 03:09,1.6,15,0,0
1642216456,15/01/2022 03:14,1.6,15.1,0,0
1642216756,15/01/2022 03:19,1.6,15.2,0,0
1642217056,15/01/2022 03:24,1.6,15.8,0,0
1642217356,15/01/2022 03:29,1.6,15.6,0,0
1642217656,15/01/2022 03:34,1.6,15.8,0,0
1642217956,15/01/2022 03:39,1.7,15.6,0,0
1642218256,15/01/2022 03:44,1.7,15.8,0,0
1642218556,15/01/2022 03:49,1.7,15.6,0,0
1642218856,15/01/2022 03:54,1.7,15.9,0,0
1642219156,15/01/2022 03:59,1.7,15.2,0,0
1642219456,15/01/2022 04:04,1.7,15.7,0,0
1642219756,15/01/2022 04:09,1.7,15.2,0,0
1642220056,15/01/2022 04:14,1.7,15.8,0,0
1642220356,15/01/2022 04:19,1.8,15.9,0,0
1642220656,15/01/2022 04:24,1.8,15.8,0,0
1642220956,15/01/2022 04:29,1.8,15.9,0,0
1642221256,15/01/2022 04:34,1.8,16.2,0,0
1642221556,15/01/2022 04:39,1.8,16.3,0,0
1642221856,15/01/2022 04:44,1.8,16.3,0,0
1642222156,15/01/2022 04:49,1.8,16.5,0,0
1642222456,15/01/2022 04:54,1.8,16.9,0,0
1642222756,15/01/2022 04:59,1.8,16.4,0,0
1642223056,15/01/2022 05:04,1.9,16.3,0,0
1642223356,15/01/2022 05:09,1.9,16.2,0,0
1642223656,15/01/2022 05:14,1.9,16.5,0,0
1642223956,15/01/2022 05:19,2,16.4,0,0
1642224256,15/01/2022 05:24,2,16.5,0,0
1642224556,15/01/2022 05:29,2,16.8,0,0
1642224856,15/01/2022 05:34,2.1,16.3,0,0
1642225156,15/01/2022 05:39,2.1,16.4,0,0
1642225456,15/01/2022 05:44,2.1,16.8,0,0
1642225756,15/01/2022 05:49,2.1,16.5,0,0
1642226056,15/01/2022 05:54,2.2,16.7,0,0
1642226356,15/01/2022 05:59,2.2,16.5,0,0
1642226656,15/01/2022 06:04,2.2,16.2,0,0
1642226956,15/01/2022 06:09,2.2,16.3,0,0
1642227256,15/01/2022 06:14,2.2,16.3,0,0
1642227556,15/01/2022 06:19,2.2,16.9,0,0
1642227856,15/01/2022 06:24,2.2,16.7,0,0
1642228156,15/01/2022 06:29,2.2,16.2,0,0
1642228456,15/01/2022 06:34,2.2,16.1,0,0
1642228756,15/01/2022 06:39,2.3,16.9,0,0
1642229056,15/01/2022 06:44,2.3,16.4,0,0
1642229356,15/01/2022 06:49,2.3,16.9,0,0
1642229656,15/01/2022 06:54,2.3,16.6,0,0
1642229956,15/01/2022 06:59,2.3,16.4,0,0
1642230256,15/01/2022 07:04,2.3,16.5,0,0
1642230556,15/01/2022 07:09,2.3,16.4,0,0
1642230856,15/01/2022 07:14,2.4,17,0,0
1642231156,15/01/2022 07:19,2.4,17,0,0
1642231456,15/01/2022 07:24,2.5,16,0,0
1642231756,15/01/2022 07:29,2.5,16.6,0,0
1642232056,15/01/2022 07:34,2.5,16,0,0
1642232356,15/01/2022 07:39,2.6,16.3,0,0
1642232656,15/01/2022 07:44,2.6,16.3,0,0
1642232956,15/01/2022 07:49,2.7,16.9,0,0
1642233256,15/01/2022 07:54,2.7,16.7,0,0
1642233556,15/01/2022 07:59,2.7,16.9,0,0
1642233856,15/01/2022 08:04,2.8,16.2,0,0
1642234156,15/01/2022 08:09,2.8,16.8,0,0
1642234456,15/01/2022 08:14,2.8,16.7,0,0
1642234756,15/01/2022 08:19,2.9,17,0,0
1642235056,15/01/2022 08:24,2.9,16.1,0,0
1642235356,15/01/2022 08:29,3,16.3,0,0
1642235656,15/01/2022 08:34,3,16.7,0,0
1642235956,15/01/2022 08:39,3,16.9,0,0
1642236256,15/01/2022 08:44,3.1,16.5,0,0
1642236556,15/01/2022 08:49,3.1,16,0,0
1642236856,15/01/2022 08:54,3.1,15.6,1,0
1642237156,15/01/2022 08:59,3.2,14.9,1,1
1642237456,15/01/2022 09:04,3.2,15.3,0,0
1642237756,15/01/2022 09:09,3.2,16,0,0
1642238056,15/01/2022 09:14,3.3,16.4,0,0
1642238356,15/01/2022 09:19,3.3,16.8,0,0
1642238656,15/01/2022 09:24,3.4,17,0,0
1642238956,15/01/2022 09:29,3.4,16.9,0,0
1642239256,15/01/2022 09:34,3.4,16.8,0,0
1642239556,15/01/2022 09:39,3.5,16.9,0,0
1642239856,15/01/2022 09:44,3.5,17,0,0
1642240156,15/01/2022 09:49,3.5,16.7,0,0
1642240456,15/01/2022 09:54,3.6,16.2,1,0
1642240756,15/01/2022 09:59,3.6,16.6,0,0
1642241056,15/01/2022 10:04,3.7,16.3,0,0
1642241356,15/01/2022 10:09,3.7,16.8,0,0
1642241656,15/01/2022 10:14,3.8,16.7,0,0
1642241956,15/01/2022 10:19,3.8,16.5,0,0
1642242256,15/01/2022 10:24,3.9,16.1,0,0
1642242556,15/01/2022 10:29,3.9,16.8,0,0
1642242856,15/01/2022 10:34,4,16.9,0,0
1642243156,15/01/2022 10:39,4,16,0,0
1642243456,15/01/2022 10:44,4.1,16.7,0,0
1642243756,15/01/2022 10:49,4.1,16.7,0,0
1642244056,15/01/2022 10:54,4.2,16,1,0
1642244356,15/01/2022 10:59,4.2,15.8,1,0
1642244656,15/01/2022 11:04,4.3,16.7,0,0
1642244956,15/01/2022 11:09,4.3,16.4,0,0
1642245256,15/01/2022 11:14,4.4,16.7,0,0
1642245556,15/01/2022 11:19,4.5,16.9,0,0
1642245856,15/01/2022 11:24,4.5,17,0,0
1642246156,15/01/2022 11:29,4.6,17.6,0,0
1642246456,15/01/2022 11:34,4.6,17.1,0,0
1642246756,15/01/2022 11:39,4.7,17.2,0,0
1642247056,15/01/2022 11:44,4.8,17,0,0
1642247356,15/01/2022 11:49,4.8,17.6,0,0
1642247656,15/01/2022 11:54,4.9,17,0,0
1642247956,15/01/2022 11:59,5,17.2,0,0
1642248256,15/01/2022 12:04,4.9,17.6,0,0
1642248556,15/01/2022 12:09,4.9,17.3,0,0
1642248856,15/01/2022 12:14,4.9,17.4,0,0
1642249156,15/01/2022 12:19,4.9,17,0,0
1642249456,15/01/2022 12:24,4.9,17.4,1,0
1642249756,15/01/2022 12:29,4.8,17.3,1,0
1642250056,15/01/2022 12:34,4.8,17.2,1,0
1642250356,15/01/2022 12:39,4.8,17,1,0
1642250656,15/01/2022 12:44,4.8,17,1,0
1642250956,15/01/2022 12:49,4.8,16.8,1,1
1642251256,15/01/2022 12:54,4.8,16.6,1,1
1642251556,15/01/2022 12:59,4.7,17,0,0
1642251856,15/01/2022 13:04,4.7,17.7,0,0
1642252156,15/01/2022 13:09,4.8,17.8,0,0
1642252456,15/01/2022 13:14,4.8,17.6,0,0
1642252756,15/01/2022 13:19,4.8,17.2,1,0
1642253056,15/01/2022 13:24,4.8,17,1,0
1642253356,15/01/2022 13:29,4.8,16.9,1,1
1642253656,15/01/2022 13:34,4.8,17.1,0,0
1642253956,15/01/2022 13:39,4.8,17,0,0
1642254256,15/01/2022 13:44,4.8,17.2,0,0
1642254556,15/01/2022 13:49,4.8,17.8,0,0
1642254856,15/01/2022 13:54,4.8,17.3,0,0
1642255156,15/01/2022 13:59,4.9,18,0,0
1642255456,15/01/2022 14:04,4.9,17.6,0,0
1642255756,15/01/2022 14:09,4.9,17.1,0,0
1642256056,15/01/2022 14:14,4.9,17.7,0,0
1642256356,15/01/2022 14:19,4.9,17.8,1,0
1642256656,15/01/2022 14:24,4.9,17.2,1,0
1642256956,15/01/2022 14:29,4.9,17.1,1,0
1642257256,15/01/2022 14:34,4.9,17.9,0,0
1642257556,15/01/2022 14:39,4.9,17.5,0,0
1642257856,15/01/2022 14:44,4.9,17.8,0,0
1642258156,15/01/2022 14:49,4.9,17.5,0,0
1642258456,15/01/2022 14:54,5,17.2,0,0
1642258756,15/01/2022 14:59,5,17.9,0,0
1642259056,15/01/2022 15:04,5,17.1,0,0
1642259356,15/01/2022 15:09,5,17,0,0
1642259656,15/01/2022 15:14,5,17,0,0
1642259956,15/01/2022 15:19,5,18,0,0
1642260256,15/01/2022 15:24,5,17.8,0,0
1642260556,15/01/2022 15:29,5,18,0,0
1642260856,15/01/2022 15:34,5,18.4,0,0
1642261156,15/01/2022 15:39,5,18.5,0,0
1642261456,15/01/2022 15:44,5,18.5,0,0
1642261756,15/01/2022 15:49,5,18.3,0,0
1642262056,15/01/2022 15:54,5,18.2,0,0
1642262356,15/01/2022 15:59,5,18.4,0,0
1642262656,15/01/2022 16:04,5,18,0,0
1642262956,15/01/2022 16:09,5.1,17.7,1,0
1642263256,15/01/2022 16:14,5.1,17.4,1,0
1642263556,15/01/2022 16:19,5.1,17.1,1,0
1642263856,15/01/2022 16:24,5.1,16.8,1,1
1642264156,15/01/2022 16:29,5.1,17.5,0,0
1642264456,15/01/2022 16:34,5.1,17.3,0,0
1642264756,15/01/2022 16:39,5.2,17.8,0,0
1642265056,15/01/2022 16:44,5.2,17.6,0,0
1642265356,15/01/2022 16:49,5.2,17.9,0,0
1642265656,15/01/2022 16:54,5.2,18,0,0
1642265956,15/01/2022 16:59,5.2,17.1,0,0
1642266256,15/01/2022 17:04,5.2,17.4,0,0
1642266556,15/01/2022 17:09,5.1,17.5,0,0
1642266856,15/01/2022 17:14,5.1,17.6,0,0
1642267156,15/01/2022 17:19,5,17.3,1,0
1642267456,15/01/2022 17:24,5,17.1,1,0
1642267756,15/01/2022 17:29,4.9,17.3,0,0
1642268056,15/01/2022 17:34,4.8,17.8,0,0
1642268356,15/01/2022 17:39,4.8,17,0,0
1642268656,15/01/2022 17:44,4.7,17.2,0,0
1642268956,15/01/2022 17:49,4.7,17.7,0,0
1642269256,15/01/2022 17:54,4.6,17.7,0,0
1642269556,15/01/2022 17:59,4.6,18,0,0
1642269856,15/01/2022 18:04,4.5,17,0,0
1642270156,15/01/2022 18:09,4.5,17.5,0,0
1642270456,15/01/2022 18:14,4.4,17.2,0,0
1642270756,15/01/2022 18:19,4.4,17.9,0,0
1642271056,15/01/2022 18:24,4.3,17.2,0,0
1642271356,15/01/2022 18:29,4.3,17.6,0,0
1642271656,15/01/2022 18:34,4.2,18,0,0
1642271956,15/01/2022 18:39,4.1,17.7,0,0
1642272256,15/01/2022 18:44,4.1,17.1,0,0
1642272556,15/01/2022 18:49,4,17,0,0
1642272856,15/01/2022 18:54,4,16.2,1,0
1642273156,15/01/2022 18:59,3.9,16.2,0,0
1642273456,15/01/2022 19:04,3.9,16.4,0,0
1642273756,15/01/2022 19:09,3.9,16.1,0,0
1642274056,15/01/2022 19:14,4,16.3,0,0
1642274356,15/01/2022 19:19,4,16.6,0,0
1642274656,15/01/2022 19:24,4,16.6,0,0
1642274956,15/01/2022 19:29,4,16.9,0,0
1642275256,15/01/2022 19:34,4,17.1,0,0
1642275556,15/01/2022 19:39,4,17.8,0,0
1642275856,15/01/2022 19:44,4,17.8,0,0
1642276156,15/01/2022 19:49,4,17.4,0,0
1642276456,15/01/2022 19:54,4,17.9,0,0
1642276756,15/01/2022 19:59,4,17.2,0,0
1642277056,15/01/2022 20:04,4,17.5,0,0
1642277356,15/01/2022 20:09,4,17.8,0,0
1642277656,15/01/2022 20:14,4.1,17.6,1,0
1642277956,15/01/2022 20:19,4.1,17.5,1,0
1642278256,15/01/2022 20:24,4.1,17.3,1,0
1642278556,15/01/2022 20:29,4.1,17,1,0
1642278856,15/01/2022 20:34,4.1,17.1,1,0
1642279156,15/01/2022 20:39,4.1,17,1,0
1642279456,15/01/2022 20:44,4.1,17.1,1,0
1642279756,15/01/2022 20:49,4.2,16.7,1,1
1642280056,15/01/2022 20:54,4.2,16.8,1,1
1642280356,15/01/2022 20:59,4.2,16.6,1,1
1642280656,15/01/2022 21:04,4.2,16.4,1,1
1642280956,15/01/2022 21:09,4.2,16.4,1,1
1642281256,15/01/2022 21:14,4.2,16.6,0,0
1642281556,15/01/2022 21:19,4.3,16.9,0,0
1642281856,15/01/2022 21:24,4.3,17,0,0
1642282156,15/01/2022 21:29,4.3,17.3,0,0
1642282456,15/01/2022 21:34,4.3,17.1,0,0
1642282756,15/01/2022 21:39,4.4,17.7,0,0
1642283056,15/01/2022 21:44,4.4,17.7,0,0
1642283356,15/01/2022 21:49,4.4,17.6,0,0
1642283656,15/01/2022 21:54,4.4,17.7,0,0
1642283956,15/01/2022 21:59,4.5,18,0,0
1642284256,15/01/2022 22:04,4.5,17.9,0,0
1642284556,15/01/2022 22:09,4.5,17.4,0,0
1642284856,15/01/2022 22:14,4.5,17,0,0
1642285156,15/01/2022 22:19,4.5,17.5,0,0
1642285456,15/01/2022 22:24,4.5,17.6,0,0
1642285756,15/01/2022 22:29,4.5,17.9,0,0
1642286056,15/01/2022 22:34,4.5,17.1,0,0
1642286356,15/01/2022 22:39,4.5,18,0,0
1642286656,15/01/2022 22:44,4.5,18,0,0
1642286956,15/01/2022 22:49,4.5,18.5,0,0
1642287256,15/01/2022 22:54,4.5,18.5,0,0
1642287556,15/01/2022 22:59,4.5,18.4,0,0
1642287856,15/01/2022 23:04,4.5,18.2,0,0
1642288156,15/01/2022 23:09,4.5,18.5,0,0
1642288456,15/01/2022 23:14,4.5,18,0,0
1642288756,15/01/2022 23:19,4.5,19,0,0
1642289056,15/01/2022 23:24,4.5,18.4,0,0
1642289356,15/01/2022 23:29,4.5,18.5,0,0
1642289656,15/01/2022 23:34,4.5,18.1,0,0
1642289956,15/01/2022 23:39,4.5,18.9,0,0
1642290256,15/01/2022 23:44,4.5,18.8,0,0
1642290556,15/01/2022 23:49,4.5,18.4,0,0
1642290856,15/01/2022 23:54,4.5,18.9,0,0
1642291156,15/01/2022 23:59,4.6,18.6,0,0
1642291456,16/01/2022 00:04,4.5,18.6,0,0
1642291756,16/01/2022 00:09,4.5,18.8,0,0
1642292056,16/01/2022 00:14,4.5,18.4,0,0
1642292356,16/01/2022 00:19,4.5,18.9,0,0
1642292656,16/01/2022 00:24,4.5,18.5,0,0
1642292956,16/01/2022 00:29,4.4,18.6,0,0
1642293256,16/01/2022 00:34,4.4,18.6,0,0
1642293556,16/01/2022 00:39,4.4,18.2,0,0
1642293856,16/01/2022 00:44,4.4,18.1,0,0
1642294156,16/01/2022 00:49,4.4,17.8,0,0
1642294456,16/01/2022 00:54,4.3,17.9,0,0
1642294756,16/01/2022 00:59,4.3,17.7,0,0
1642295639,16/01/2022 01:13,4.3,17.8,0,0
1642295718,16/01/2022 01:15,4.3,17.6,0,0
1642296018,16/01/2022 01:20,4.3,17.4,0,0
1642296318,16/01/2022 01:25,4.3,17.1,0,0
1642296620,16/01/2022 01:30,4.4,17.9,0,0
1642296920,16/01/2022 01:35,4.5,17.4,0,0
1642297220,16/01/2022 01:40,4.4,17.4,0,0
1642297521,16/01/2022 01:45,4.5,17.3,0,0
1642297821,16/01/2022 01:50,4.5,17.8,0,0
1642298121,16/01/2022 01:55,4.4,17.2,0,0
1642298421,16/01/2022 02:00,4.4,17.3,0,0
1642298722,16/01/2022 02:05,4.5,18,0,0
1642299022,16/01/2022 02:10,4.3,17.5,0,0
1642299322,16/01/2022 02:15,4.3,17.8,0,0
1642299623,16/01/2022 02:20,4.3,17.9,0,0
1642299923,16/01/2022 02:25,4.4,17.3,0,0
1642300225,16/01/2022 02:30,4.4,17.5,0,0
1642300526,16/01/2022 02:35,4.4,17.5,0,0
1642300826,16/01/2022 02:40,4.4,17.7,0,0
1642301126,16/01/2022 02:45,4.5,17.3,0,0
1642301426,16/01/2022 02:50,4.6,17.1,0,0
1642301727,16/01/2022 02:55,4.6,17,0,0
1642302027,16/01/2022 03:00,4.7,17,0,0
1642302327,16/01/2022 03:05,4.7,16.8,0,0
1642302627,16/01/2022 03:10,4.7,16.8,0,0
1642302928,16/01/2022 03:15,4.7,16.3,0,0
1642303228,16/01/2022 03:20,4.9,16.8,0,0
1642303528,16/01/2022 03:25,5,16.6,0,0
1642303828,16/01/2022 03:30,4.9,16.8,0,0
1642304129,16/01/2022 03:35,5,16.8,0,0
1642304429,16/01/2022 03:40,5,16.2,0,0
1642304729,16/01/2022 03:45,5,16.9,0,0
1642305029,16/01/2022 03:50,4.9,16.9,0,0
1642305330,16/01/2022 03:55,4.9,16.4,0,0
1642305630,16/01/2022 04:00,4.9,16.2,0,0
1642305930,16/01/2022 04:05,4.9,16.2,0,0
1642306230,16/01/2022 04:10,4.9,16.7,0,0
1642306531,16/01/2022 04:15,4.8,16.4,0,0
1642306831,16/01/2022 04:20,4.9,16.3,0,0
1642307131,16/01/2022 04:25,4.8,16,0,0
1642307431,16/01/2022 04:30,4.7,16.2,0,0
1642307732,16/01/2022 04:35,4.8,16.6,0,0
1642308032,16/01/2022 04:40,4.8,16.2,0,0
1642308332,16/01/2022 04:45,4.8,16.7,0,0
1642308633,16/01/2022 04:50,5,16.9,0,0
1642308933,16/01/2022 04:55,5,16.3,0,0
1642309233,16/01/2022 05:00,5,16,0,0
1642309533,16/01/2022 05:05,5,16.6,0,0
1642309834,16/01/2022 05:10,5,16.4,0,0
1642310134,16/01/2022 05:15,5,16.2,0,0
1642310434,16/01/2022 05:20,4.9,16.1,0,0
1642310734,16/01/2022 05:25,5,16.7,0,0
1642311035,16/01/2022 05:30,4.9,16.9,0,0
1642311335,16/01/2022 05:35,4.9,16.2,0,0
1642311635,16/01/2022 05:40,4.8,17,0,0
1642311935,16/01/2022 05:45,4.8,16,0,0
1642312236,16/01/2022 05:50,4.8,16.5,0,0
1642312536,16/01/2022 05:55,4.8,16,0,0
1642312836,16/01/2022 06:00,5,16.1,0,0
1642313136,16/01/2022 06:05,4.9,16,0,0
1642313436,16/01/2022 06:10,5,16.1,0,0
1642313737,16/01/2022 06:15,5,16.4,0,0
1642314037,16/01/2022 06:20,4.8,16.3,0,0
1642314337,16/01/2022 06:25,4.8,16.9,0,0
1642314638,16/01/2022 06:30,4.9,16.5,0,0
1642314938,16/01/2022 06:35,4.8,17,0,0
1642315238,16/01/2022 06:40,4.9,17.1,0,0
1642315538,16/01/2022 06:45,4.9,17,0,0
1642315839,16/01/2022 06:50,4.9,17.1,0,0
1642316139,16/01/2022 06:55,4.9,17.7,0,0
1642316439,16/01/2022 07:00,5.1,17.6,0,0
1642316740,16/01/2022 07:05,5.1,17.5,0,0
1642317040,16/01/2022 07:10,5.1,17.4,0,0
1642317340,16/01/2022 07:15,5.1,17.6,0,0
1642317640,16/01/2022 07:20,5.1,17.3,0,0
1642317941,16/01/2022 07:25,5.1,17.3,0,0
1642318241,16/01/2022 07:30,5.1,17.1,0,0
1642318541,16/01/2022 07:35,5.2,17.8,0,0
1642318841,16/01/2022 07:40,5.2,17.4,0,0
1642319142,16/01/2022 07:45,5.2,17.6,0,0
1642319442,16/01/2022 07:50,5.2,17.6,0,0
1642319742,16/01/2022 07:55,5.2,17.4,0,0
1642320042,16/01/2022 08:00,5.1,17.1,0,0
1642320343,16/01/2022 08:05,5.1,17.7,0,0
1642320643,16/01/2022 08:10,5.3,18,0,0
1642320944,16/01/2022 08:15,5.3,17.5,0,0
1642321244,16/01/2022 08:20,5.2,18,0,0
1642321545,16/01/2022 08:25,5.3,17.6,0,0
1642321845,16/01/2022 08:30,5.3,17.4,0,0
1642322146,16/01/2022 08:35,5.3,17.7,0,0
1642322446,16/01/2022 08:40,5.4,17.2,0,0
1642322747,16/01/2022 08:45,5.3,18,0,0
1642323047,16/01/2022 08:50,5.4,17.4,0,0
1642323347,16/01/2022 08:55,5.4,18,0,0
1642323647,16/01/2022 09:00,5.4,17.8,0,0
1642323948,16/01/2022 09:05,5.4,17.7,0,0
1642324248,16/01/2022 09:10,5.6,17.7,0,0
1642324548,16/01/2022 09:15,5.6,18,0,0
1642324849,16/01/2022 09:20,5.6,17.8,0,0
1642325149,16/01/2022 09:25,5.6,17.3,0,0
1642325449,16/01/2022 09:30,5.7,17.9,0,0
1642325749,16/01/2022 09:35,5.7,17.4,0,0
1642326050,16/01/2022 09:40,5.7,17.8,0,0
1642326350,16/01/2022 09:45,5.8,17.8,0,0
1642326650,16/01/2022 09:50,5.9,17.9,0,0
1642326950,16/01/2022 09:55,5.9,17.2,0,0
1642327251,16/01/2022 10:00,6,17.4,0,0
1642327551,16/01/2022 10:05,6,17.6,0,0
1642327851,16/01/2022 10:10,6,17.7,0,0
1642328152,16/01/2022 10:15,6.1,17.1,0,0
1642328452,16/01/2022 10:20,6.2,17.3,0,0
1642328752,16/01/2022 10:25,6.2,17.5,0,0
1642329053,16/01/2022 10:30,6.2,17.8,0,0
1642329353,16/01/2022 10:35,6.3,17.3,0,0
1642329653,16/01/2022 10:40,6.4,17.2,0,0
1642329954,16/01/2022 10:45,6.4,17.2,0,0
1642330254,16/01/2022 10:50,6.5,17.5,0,0
1642330554,16/01/2022 10:55,6.5,17.8,0,0
1642330854,16/01/2022 11:00,6.5,18,1,0
1642331155,16/01/2022 11:05,6.5,17.6,1,0
1642331455,16/01/2022 11:10,6.7,17.2,1,0
1642331755,16/01/2022 11:15,6.7,16.8,1,1
1642332055,16/01/2022 11:20,6.7,16.9,0,0
1642332356,16/01/2022 11:25,6.8,16.7,0,0
1642332656,16/01/2022 11:30,6.8,17,0,0
1642332956,16/01/2022 11:35,6.8,18,0,0
1642333257,16/01/2022 11:40,6.9,17.8,0,0
1642333557,16/01/2022 11:45,7,17.1,0,0
1642333857,16/01/2022 11:50,7,17,0,0
1642334158,16/01/2022 11:55,7.1,17.6,0,0
1642334458,16/01/2022 12:00,7.1,17.3,0,0
1642334758,16/01/2022 12:05,7.1,17.9,0,0
1642335059,16/01/2022 12:10,7.5,17.8,0,0
1642335359,16/01/2022 12:15,7.5,17,0,0
1642335659,16/01/2022 12:20,7.6,17.5,0,0
1642335959,16/01/2022 12:25,7.6,17.1,0,0
1642336260,16/01/2022 12:31,7.6,17.4,1,0
1642336560,16/01/2022 12:36,7.6,17.3,1,0
1642336860,16/01/2022 12:41,7.6,17.2,1,0
1642337161,16/01/2022 12:46,7.9,17,1,0
1642337461,16/01/2022 12:51,7.9,17,1,0
1642337761,16/01/2022 12:56,8.1,16.8,1,1
1642338063,16/01/2022 13:01,8.1,17.3,0,0
1642338363,16/01/2022 13:06,8.2,17.5,0,0
1642338663,16/01/2022 13:11,8.2,17.9,0,0
1642338963,16/01/2022 13:16,8.3,17.9,0,0
1642339264,16/01/2022 13:21,8.3,17.5,0,0
1642339564,16/01/2022 13:26,8.4,17.3,0,0
1642339864,16/01/2022 13:31,8.5,17.7,0,0
1642340165,16/01/2022 13:36,8.5,17.9,1,0
1642340466,16/01/2022 13:41,8.5,17.8,0,0
1642340766,16/01/2022 13:46,8.6,17.3,0,0
1642341067,16/01/2022 13:51,8.6,17.6,0,0
1642341367,16/01/2022 13:56,8.6,17.8,0,0
1642341674,16/01/2022 14:01,8.6,17.2,0,0
1642341974,16/01/2022 14:06,8.7,17.1,0,0
1642342274,16/01/2022 14:11,8.7,17.9,0,0
1642342574,16/01/2022 14:16,8.8,17.9,0,0
1642342875,16/01/2022 14:21,8.8,18,0,0
1642343175,16/01/2022 14:26,8.8,17.9,0,0
1642343475,16/01/2022 14:31,8.8,17.8,0,0
1642343775,16/01/2022 14:36,8.8,17.2,1,0
1642344076,16/01/2022 14:41,8.8,17.1,1,0
1642344376,16/01/2022 14:46,8.8,17.1,1,0
1642344676,16/01/2022 14:51,8.8,17.2,0,0
1642344977,16/01/2022 14:56,8.7,17.5,0,0
1642345277,16/01/2022 15:01,8.7,17.4,0,0
1642345577,16/01/2022 15:06,8.7,17.3,0,0
1642345877,16/01/2022 15:11,8.7,17.9,0,0
1642346178,16/01/2022 15:16,8.7,17.7,0,0
1642346478,16/01/2022 15:21,8.7,17.1,0,0
1642346778,16/01/2022 15:26,8.6,17.9,0,0
1642347078,16/01/2022 15:31,8.6,17.8,0,0
1642347379,16/01/2022 15:36,8.5,17.2,1,0
1642347679,16/01/2022 15:41,8.5,17.2,1,0
1642347979,16/01/2022 15:46,8.4,17.1,0,0
1642348280,16/01/2022 15:51,8.2,17.3,0,0
1642348580,16/01/2022 15:56,8.2,17.8,0,0
1642348880,16/01/2022 16:01,8.2,17.5,0,0
1642349277,16/01/2022 16:07,8,17.6,0,0
1642349577,16/01/2022 16:12,8,17.1,0,0
1642351573,16/01/2022 16:46,7.1,17.5,0,0
1642351873,16/01/2022 16:51,7.1,17.6,1,0
1642352174,16/01/2022 16:56,6.8,17.3,1,0
1642352474,16/01/2022 17:01,6.8,17.1,1,0
1642352774,16/01/2022 17:06,6.6,16.8,1,1
1642353075,16/01/2022 17:11,6.5,16.9,0,0
1642353375,16/01/2022 17:16,6.5,17,0,0